/*
SQLyog Community v13.1.2 (32 bit)
MySQL - 10.1.38-MariaDB : Database - db_votacion
*********************************************************************
*/

/*!40101 SET NAMES utf8 */;

/*!40101 SET SQL_MODE=''*/;

/*!40014 SET @OLD_UNIQUE_CHECKS=@@UNIQUE_CHECKS, UNIQUE_CHECKS=0 */;
/*!40014 SET @OLD_FOREIGN_KEY_CHECKS=@@FOREIGN_KEY_CHECKS, FOREIGN_KEY_CHECKS=0 */;
/*!40101 SET @OLD_SQL_MODE=@@SQL_MODE, SQL_MODE='NO_AUTO_VALUE_ON_ZERO' */;
/*!40111 SET @OLD_SQL_NOTES=@@SQL_NOTES, SQL_NOTES=0 */;
CREATE DATABASE /*!32312 IF NOT EXISTS*/`db_votacion` /*!40100 DEFAULT CHARACTER SET latin1 */;

USE `db_votacion`;

/*Table structure for table `candidato` */

DROP TABLE IF EXISTS `candidato`;

CREATE TABLE `candidato` (
  `id_candidato` int(11) NOT NULL AUTO_INCREMENT,
  `nombre` varchar(100) NOT NULL,
  `apellido` varchar(100) NOT NULL,
  `id_partido` int(11) NOT NULL,
  `puesto` int(100) NOT NULL,
  `foto` varchar(500) NOT NULL,
  `id_provincia` int(11) DEFAULT '0',
  `id_municipio` int(11) DEFAULT '0',
  `estado` tinyint(1) DEFAULT '1',
  PRIMARY KEY (`id_candidato`)
) ENGINE=InnoDB AUTO_INCREMENT=66 DEFAULT CHARSET=utf8mb4;

/*Data for the table `candidato` */

insert  into `candidato`(`id_candidato`,`nombre`,`apellido`,`id_partido`,`puesto`,`foto`,`id_provincia`,`id_municipio`,`estado`) values 
(1,'Leonel','Fernandez',1,1,'ejemplo',NULL,NULL,1),
(2,'Pedro ','Santana',1,1,'1245191.jpg',NULL,NULL,1),
(3,'Pedro ','dsds',1,3,'1245192.jpg',10,NULL,1),
(4,'Gonzalo','Castillo',1,1,'Gonzalo_Foto_Campaña-1-1.jpg',NULL,NULL,1),
(5,'Jean Carlos','Liriano',2,3,'Compare.jpg',27,NULL,1),
(6,'fadf','fasdf',4,1,'Do_While_con_Switch.jpg',NULL,NULL,1),
(7,'Jean Carlos','afdsf',1,3,'Compare1.jpg',16,NULL,1),
(8,'Ramfis','Dominguez Trujillo',10,1,'ramfis.jpg',0,0,1),
(9,'Leonel','Fernandez',3,1,'leonel.jpg',0,0,1),
(10,'Gonzalo','Castillo',3,1,'gonzalo.jpg',0,0,1),
(11,'Luis','Abinader',5,1,'abinader.jpg',0,0,1),
(12,'Kendall','Lewis',3,4,'hombre1.jpg',3,21,1),
(13,'Madaline','Carrillo',8,2,'mujer1.jpg',21,3,1),
(14,'Chantale','Cantu',10,2,'mujer2.jpg',1,9,1),
(15,'Brendan','Cotton',8,4,'mujer3.jpg',24,24,1),
(16,'Ira','Atkinson',2,4,'mujer4.jpg',3,25,1),
(17,'Clare','Harper',10,5,'mujer5.jpg',2,20,1),
(18,'Harlan','Wade',6,2,'hombre2.jpg',5,17,1),
(19,'Carlos','Richmond',2,2,'hombre3.jpg',17,18,1),
(20,'Noelle','Ruiz',7,3,'mujer6.jpg',3,10,1),
(21,'Jesus','Sebastian boronat',5,4,'hombre3.jpg',NULL,10,1),
(22,'Jesus','Aurelios Manzanas',11,4,'4.jpg',NULL,16,1),
(23,'Adei','Almodovar',6,2,'5.jpg',14,NULL,1),
(24,'Frederic','Sanjuan',1,5,'6.jpg',NULL,9,1),
(25,'Francisco','Xavier Forostiaga',8,4,'8.jpg',NULL,13,1),
(26,'Olmo','Morro',3,5,'10.jpg',NULL,1,1),
(27,'Francis','Valentin de la Llave',3,2,'11.jpg',16,NULL,1),
(28,'Isabelino','Albiñana',10,4,'12.jpg',NULL,1,1),
(29,'Rosa','Milagros Cañate',1,5,'mujer4.jpg',NULL,1,1),
(30,'Maria','Castro',3,3,'mujer5.jpg',16,NULL,1),
(31,'Sonsoles','Escolar',1,3,'mujer6.jpg',15,NULL,1),
(32,'Noralba','Del Alamo',2,4,'mujer7.jpg',NULL,1,1),
(33,'Benita','Espert Castillo',7,4,'mujer9.jpg',NULL,16,1),
(34,'Maria ','Socorro Arrillaga',6,3,'mujer10.jpg',5,NULL,1),
(35,'Adaia','Fonseca',10,3,'mujer11.jpg',19,NULL,1),
(36,'Yana ','Del Prado',1,5,'mujer12.jpg',NULL,17,1),
(37,'Fernando ','Mira Ovejero',1,2,'13.jpg',1,NULL,1),
(38,'David ','Galiana Berenguer',8,2,'131.jpg',1,NULL,1),
(39,'Ana Maria','Leal Mañas',8,2,'mujer13.jpg',2,NULL,1),
(40,'Samuel','Barbosa Albarran',1,2,'14.jpg',2,NULL,1),
(41,'Mario ','Balde Santander',7,2,'15.jpg',4,NULL,1),
(42,'Maria Jose ','Rodriguez Gordo',1,2,'mujer15.jpg',4,NULL,1),
(43,'Jose Francisco ','Rincon Saenz',11,2,'16.jpg',4,NULL,1),
(44,'Maria Carmen ','Betancor Correas',6,2,'mujer17.jpg',5,NULL,1),
(45,'Ramon','Matos Real',1,2,'30.jpg',5,NULL,1),
(46,'Enrique ','Paniagua Arrebola',10,2,'19.jpg',5,NULL,1),
(47,'Maria Dolores','Pera Becerra',8,2,'mujer30.jpg',14,NULL,1),
(48,'Cristina ','Valls Duran',7,2,'mujer29.jpg',14,NULL,1),
(49,'Miguel Angel','Bernabeu',1,2,'18.jpg',29,NULL,1),
(50,'Julian ','Llacer Maestre',3,2,'191.jpg',29,NULL,1),
(51,'Eva ','Naranjo Tapia',1,2,'mujer28.jpg',29,NULL,1),
(52,'Andres Manrique','Padin',10,3,'20.jpg',1,NULL,1),
(53,'Victoria','Pazos Brea',6,3,'mujer27.jpg',1,NULL,1),
(54,'Ismael Mateos','Puebla',1,3,'21.jpg',5,NULL,1),
(55,'Carolina','Mellado Constantin',11,3,'mujer25.jpg',5,NULL,1),
(56,'Sebastian ','Campoy Polando',1,3,'28.jpg',5,NULL,1),
(57,'Sebastian ','Campoy Polanco',7,4,'23.jpg',NULL,1,1),
(58,'Josefina','Rico Folch',1,4,'mujer26.jpg',NULL,1,1),
(59,'Angeles ','Landa de Andres',5,5,'mujer21.jpg',NULL,1,1),
(60,'Cristian ','Portelano Patiño',11,4,'25.jpg',NULL,2,1),
(61,'Lidia ','Barrena Pacual',6,4,'mujer20.jpg',NULL,2,1),
(62,'Lidia','Barrena Pacual',1,5,'mujer23.jpg',NULL,2,1),
(63,'Patricia ','Lorente Camino',5,5,'mujer22.jpg',NULL,2,1),
(64,'Jose Angel ','Andrex Montana',1,4,'281.jpg',NULL,146,1),
(65,'Rosa','Manzanares Falcon',10,4,'mujer19.jpg',NULL,146,1);

/*Table structure for table `candidaturas` */

DROP TABLE IF EXISTS `candidaturas`;

CREATE TABLE `candidaturas` (
  `id_candidato` int(11) NOT NULL,
  `id_municipio` int(11) DEFAULT NULL,
  `id_provincia` int(11) DEFAULT NULL,
  UNIQUE KEY `id_candidato` (`id_candidato`),
  KEY `id_municipio` (`id_municipio`),
  KEY `id_provincia` (`id_provincia`),
  CONSTRAINT `candidaturas_ibfk_1` FOREIGN KEY (`id_candidato`) REFERENCES `candidato` (`id_candidato`) ON UPDATE CASCADE,
  CONSTRAINT `candidaturas_ibfk_2` FOREIGN KEY (`id_municipio`) REFERENCES `municipio` (`id_municipio`) ON UPDATE CASCADE,
  CONSTRAINT `candidaturas_ibfk_3` FOREIGN KEY (`id_provincia`) REFERENCES `provincia` (`id_provincia`) ON UPDATE CASCADE
) ENGINE=InnoDB DEFAULT CHARSET=latin1;

/*Data for the table `candidaturas` */

/*Table structure for table `colegio` */

DROP TABLE IF EXISTS `colegio`;

CREATE TABLE `colegio` (
  `codigo_colegio` int(11) NOT NULL,
  `nombre` varchar(200) NOT NULL,
  `director` varchar(100) DEFAULT NULL,
  `email` varchar(100) DEFAULT NULL,
  `tel` varchar(100) NOT NULL DEFAULT '0',
  `id_sector` int(11) DEFAULT NULL,
  `direccion` text NOT NULL,
  `latitud` varchar(30) DEFAULT NULL,
  `longitud` varchar(30) DEFAULT NULL,
  `estado` tinyint(1) NOT NULL DEFAULT '1',
  PRIMARY KEY (`codigo_colegio`)
) ENGINE=InnoDB DEFAULT CHARSET=utf8mb4;

/*Data for the table `colegio` */

insert  into `colegio`(`codigo_colegio`,`nombre`,`director`,`email`,`tel`,`id_sector`,`direccion`,`latitud`,`longitud`,`estado`) values 
(0,'Liceo Lilian Portalatin Sosa','Mario Mendez','-70.24500','8093458723',229,'18.02000',NULL,NULL,0),
(2221,'Politecnico','Valenciano medina','claudiovalolz@gmail.com','0',1,'hola bro','','',0),
(2222,'Liceo Simon Orozco','Mendez Sapata','LiceoOrozco@gmail.com','0',10,'calle tal tal tal','-69.08900','18.43560',1),
(2225,'Liceo Lilian Portalatin Sosa','Juan Sanchez Martinez','Lilian@gmail.com','(809) 345-5678',34,' Calle Pedro Mir MZ 4689, Santo Domingo Este','-69.82360','18.50810',1),
(2251,'Liceo Prof. Simon Orozco',NULL,NULL,'',NULL,'\r\nCalle Prof. Manuel del Cabral','-70.16','18.73',0);

/*Table structure for table `mesa` */

DROP TABLE IF EXISTS `mesa`;

CREATE TABLE `mesa` (
  `id_mesa` int(11) NOT NULL AUTO_INCREMENT,
  `encargado` varchar(200) DEFAULT NULL,
  `codigo_colegio` int(11) NOT NULL,
  `Computada` tinyint(1) DEFAULT '0',
  PRIMARY KEY (`id_mesa`)
) ENGINE=InnoDB AUTO_INCREMENT=4 DEFAULT CHARSET=latin1;

/*Data for the table `mesa` */

insert  into `mesa`(`id_mesa`,`encargado`,`codigo_colegio`,`Computada`) values 
(3,'Juan Sanchez',2225,1);

/*Table structure for table `municipio` */

DROP TABLE IF EXISTS `municipio`;

CREATE TABLE `municipio` (
  `id_municipio` int(11) NOT NULL AUTO_INCREMENT,
  `nombre` varchar(100) NOT NULL,
  `id_provincia` int(11) NOT NULL,
  PRIMARY KEY (`id_municipio`)
) ENGINE=InnoDB AUTO_INCREMENT=156 DEFAULT CHARSET=utf8mb4;

/*Data for the table `municipio` */

insert  into `municipio`(`id_municipio`,`nombre`,`id_provincia`) values 
(1,'Distrito Nacional',5),
(2,'Azua de Compostela',1),
(3,'Estebanía',1),
(4,'Guayabal',1),
(5,'Las Charcas',1),
(6,'Las Yayas de Viajama',1),
(7,'Padre Las Casas',1),
(8,'Peralta',1),
(9,'Pueblo Viejo',1),
(10,'Sabana Yegua',1),
(11,'Tábara Arriba',1),
(12,'Neiba',2),
(13,'Galván',2),
(14,'Los Ríos',2),
(15,'Tamayo',2),
(16,'Villa Jaragua',2),
(17,'Barahona',3),
(18,'Cabral',3),
(19,'El Peñón',3),
(20,'Enriquillo',3),
(21,'Fundación',3),
(22,'Jaquimeyes',3),
(23,'La Ciénaga',3),
(24,'Las Salinas',3),
(25,'Paraíso',3),
(26,'Polo',3),
(27,'Vicente Noble',3),
(28,'Dajabón',4),
(29,'El Pino',4),
(30,'Loma de Cabrera',4),
(31,'Partido',4),
(32,'Restauración',4),
(33,'San Francisco de Macorís',6),
(34,'Arenoso',6),
(35,'Castillo',6),
(36,'Eugenio María de Hostos',6),
(37,'Las Guáranas',6),
(38,'Pimentel',6),
(39,'Villa Riva',6),
(40,'El Seibo',8),
(41,'Miches',8),
(42,'Comendador',7),
(43,'Bánica',7),
(44,'El Llano',7),
(45,'Hondo Valle',7),
(46,'Juan Santiago',7),
(47,'Pedro Santana',7),
(48,'Moca',9),
(49,'Cayetano Germosén',9),
(50,'Gaspar Hernández',9),
(51,'Jamao al Norte',9),
(52,'Hato Mayor del Rey',10),
(53,'El Valle',10),
(54,'Sabana de la Mar',10),
(55,'Salcedo',11),
(56,'Tenares',11),
(57,'Villa Tapia',11),
(58,'Jimaní',12),
(59,'Cristóbal',12),
(60,'Duvergé',12),
(61,'La Descubierta',12),
(62,'Mella',12),
(63,'Postrer Río',12),
(64,'Higüey',13),
(65,'San Rafael del Yuma',13),
(66,'La Romana',14),
(67,'Guaymate',14),
(68,'Villa Hermosa',14),
(69,'La Concepción de La Vega',15),
(70,'Constanza',15),
(71,'Jarabacoa',15),
(72,'Jima Abajo',15),
(73,'Nagua',16),
(74,'Cabrera',16),
(75,'El Factor',16),
(76,'Río San Juan',16),
(77,'Bonao',17),
(78,'Maimón',17),
(79,'Piedra Blanca',17),
(80,'Montecristi',18),
(81,'Castañuela',18),
(82,'Guayubín',18),
(83,'Las Matas de Santa Cruz',18),
(84,'Pepillo Salcedo',18),
(85,'Villa Vásquez',18),
(86,'Monte Plata',19),
(87,'Bayaguana',19),
(88,'Peralvillo',19),
(89,'Sabana Grande de Boyá',19),
(90,'Yamasá',19),
(91,'Pedernales',20),
(92,'Oviedo',20),
(93,'Baní',21),
(94,'Nizao',21),
(95,'Puerto Plata',22),
(96,'Altamira',22),
(97,'Guananico',22),
(98,'Imbert',22),
(99,'Los Hidalgos',22),
(100,'Luperón',22),
(101,'Sosúa',22),
(102,'Villa Isabela',22),
(103,'Villa Montellano',22),
(104,'Samaná',23),
(105,'Las Terrenas',23),
(106,'Sánchez',23),
(107,'San Cristóbal',25),
(108,'Bajos de Haina',25),
(109,'Cambita Garabito',25),
(110,'Los Cacaos',25),
(111,'Sabana Grande de Palenque',25),
(112,'San Gregorio de Nigua',25),
(113,'Villa Altagracia',25),
(114,'Yaguate',25),
(115,'San José de Ocoa',26),
(116,'Rancho Arriba',26),
(117,'Sabana Larga',26),
(118,'San Juan de la Maguana',27),
(119,'Bohechío',27),
(120,'El Cercado',27),
(121,'Juan de Herrera',27),
(122,'Las Matas de Farfán',27),
(123,'Vallejuelo',27),
(124,'San Pedro de Macorís',28),
(125,'Consuelo',28),
(126,'Guayacanes',28),
(127,'Quisqueya',28),
(128,'Ramón Santana',28),
(129,'San José de Los Llanos',28),
(130,'Cotuí',24),
(131,'Cevicos',24),
(132,'Fantino',24),
(133,'La Mata',24),
(134,'Santiago',29),
(135,'Bisonó',29),
(136,'Jánico',29),
(137,'Licey al Medio',29),
(138,'Puñal',29),
(139,'Sabana Iglesia',29),
(140,'San José de las Matas',29),
(141,'Tamboril',29),
(142,'Villa González',29),
(143,'San Ignacio de Sabaneta',30),
(144,'Los Almácigos',30),
(145,'Monción',30),
(146,'Santo Domingo Este',31),
(147,'Boca Chica',31),
(148,'Los Alcarrizos',31),
(149,'Pedro Brand',31),
(150,'San Antonio de Guerra',31),
(151,'Santo Domingo Norte',31),
(152,'Santo Domingo Oeste',31),
(153,'Mao',32),
(154,'Esperanza',32),
(155,'Laguna Salada',32);

/*Table structure for table `partido` */

DROP TABLE IF EXISTS `partido`;

CREATE TABLE `partido` (
  `id_partido` int(11) NOT NULL AUTO_INCREMENT,
  `nombre` varchar(100) NOT NULL,
  `siglas` varchar(30) NOT NULL,
  `Presidente` varchar(100) DEFAULT NULL,
  `logo` varchar(1000) NOT NULL,
  `HexaColor1` varchar(10) DEFAULT NULL,
  `HexaColor2` varchar(10) DEFAULT NULL,
  PRIMARY KEY (`id_partido`)
) ENGINE=InnoDB AUTO_INCREMENT=12 DEFAULT CHARSET=utf8mb4;

/*Data for the table `partido` */

insert  into `partido`(`id_partido`,`nombre`,`siglas`,`Presidente`,`logo`,`HexaColor1`,`HexaColor2`) values 
(1,'Partido de la Liberacion Dominicana','PLD','Danilo Medina','foto','#8000FF','#FFFF00'),
(2,'Partido Democrata Institucional','PDI','Ismael Reyes','PDI','#FF8000','#0040FF'),
(3,'Partido de la Liberacion Dominicana','PLD','Danilo Medina','Icono_estrellaPLD-12.png','#790168','#790168'),
(5,'Partido Revolucionario Moderno','PRM','Abinader','PRM.jpg','#F5F5F5','#130063'),
(6,'Partido Revolucionario Social Cristiano','PRSC','Balaguer','PRSC.jpg','#E70D0D','#EFE9E9'),
(7,'Partido Revolucionario Social Democrata','PRSD','Juan Restitullo','PRSD.jpg','#BE2F2F','#2E07D6'),
(8,'Partido Revolucionario Dominicano','PRD','Hipolito Mejia','PRD.jpg','#FDF5F5','#E3F534'),
(10,'Partido Nacional Voluntad Ciudadana','PNVC','Ramfis Trujillo','PNVC1.jpg','#2A00E1','#FD0000'),
(11,'Partido Socialista Verda','PASOVE','Lenin','PASOVE.jpg','#3FDA00','#BE1B1B');

/*Table structure for table `provincia` */

DROP TABLE IF EXISTS `provincia`;

CREATE TABLE `provincia` (
  `id_provincia` int(11) NOT NULL AUTO_INCREMENT,
  `nombre` varchar(100) NOT NULL,
  PRIMARY KEY (`id_provincia`)
) ENGINE=InnoDB AUTO_INCREMENT=33 DEFAULT CHARSET=utf8mb4;

/*Data for the table `provincia` */

insert  into `provincia`(`id_provincia`,`nombre`) values 
(1,'Azua'),
(2,'Bahoruco'),
(3,'Barahona'),
(4,'Dajabón'),
(5,'Distrito Nacional'),
(6,'Duarte'),
(7,'Elías Piña'),
(8,'El Seibo'),
(9,'Espaillat'),
(10,'Hato Mayor'),
(11,'Hermanas Mirabal'),
(12,'Independencia'),
(13,'La Altagracia'),
(14,'La Romana'),
(15,'La Vega'),
(16,'María Trinidad Sánchez'),
(17,'Monseñor Nouel'),
(18,'Monte Cristi'),
(19,'Monte Plata'),
(20,'Pedernales'),
(21,'Peravia'),
(22,'Puerto Plata'),
(23,'Samaná'),
(24,'Sánchez Ramírez'),
(25,'San Cristóbal'),
(26,'San José de Ocoa'),
(27,'San Juan'),
(28,'San Pedro de Macorís'),
(29,'Santiago'),
(30,'Santiago Rodríguez'),
(31,'Santo Domingo'),
(32,'Valverde');

/*Table structure for table `puesto` */

DROP TABLE IF EXISTS `puesto`;

CREATE TABLE `puesto` (
  `id_puesto` int(3) NOT NULL,
  `descripcion` varchar(80) NOT NULL
) ENGINE=InnoDB DEFAULT CHARSET=latin1;

/*Data for the table `puesto` */

insert  into `puesto`(`id_puesto`,`descripcion`) values 
(1,'Presidente'),
(2,'Diputado'),
(3,'Senador'),
(4,'Alcalde'),
(5,'ViceAlcalde');

/*Table structure for table `sector` */

DROP TABLE IF EXISTS `sector`;

CREATE TABLE `sector` (
  `id_sector` int(11) NOT NULL AUTO_INCREMENT,
  `nombre` varchar(100) NOT NULL,
  `id_municipio` int(11) NOT NULL,
  PRIMARY KEY (`id_sector`)
) ENGINE=InnoDB AUTO_INCREMENT=230 DEFAULT CHARSET=utf8mb4;

/*Data for the table `sector` */

insert  into `sector`(`id_sector`,`nombre`,`id_municipio`) values 
(1,'Barreras',2),
(2,'Barro Arriba',2),
(3,'Clavellina',2),
(4,'Emma Balaguer Viuda Vallejo',2),
(5,'Las Barías-La Estancia',2),
(6,'Las Lomas',2),
(7,'Los Jovillos',2),
(8,'Puerto Viejo',2),
(9,'Hatillo',5),
(10,'Palmar de Ocoa',5),
(11,'Villarpando',6),
(12,'Hato Nuevo-Cortés',6),
(13,'La Siembra',7),
(14,'Las Lagunas',7),
(15,'Los Fríos',7),
(16,'El Rosario',9),
(17,'Proyecto 4',10),
(18,'Ganadero',10),
(19,'Proyecto 2-C',10),
(20,'Amiama Gómez',11),
(21,'Los Toros',11),
(22,'Tábara Abajo',11),
(23,'El Palmar',12),
(24,'El Salado',13),
(25,'Las Clavellinas',14),
(26,'Cabeza de Toro',15),
(27,'Mena',15),
(28,'Monserrat',15),
(29,'Santa Bárbara-El 6',15),
(30,'Santana',15),
(31,'Uvilla',15),
(32,'El Cachón',17),
(33,'La Guázara',17),
(34,'Villa Central',17),
(35,'Arroyo Dulce',20),
(36,'Pescadería',21),
(37,'Palo Alto',22),
(38,'Bahoruco',23),
(39,'Los Patos',25),
(40,'Canoa',27),
(41,'Fondo Negro',27),
(42,'Quita Coraza',27),
(43,'Cañongo',28),
(44,'Manuel Bueno',4),
(45,'Capotillo',30),
(46,'Santiago de la Cruz',30),
(47,'Cenoví',33),
(48,'Jaya',33),
(49,'La Peña',33),
(50,'Presidente Don Antonio Guzmán Fernández',33),
(51,'Aguacate',34),
(52,'Las Coles',34),
(53,'Sabana Grande',36),
(54,'Agua Santa del Yuna',39),
(55,'Barraquito',39),
(56,'Cristo Rey de Guaraguao',39),
(57,'Las Táranas',39),
(58,'Pedro Sánchez',40),
(59,'San Francisco-Vicentillo',40),
(60,'Santa Lucía',41),
(61,'El Cedro',41),
(62,'La Gina',41),
(63,'Guayabo',42),
(64,'Sabana Larga',42),
(65,'Sabana Cruz',43),
(66,'Sabana Higüero',43),
(67,'Guanito',44),
(68,'Rancho de la Guardia',45),
(69,'Río Limpio',47),
(70,'Canca La Reina',48),
(71,'El Higüerito',48),
(72,'José Contreras',48),
(73,'Juan López',48),
(74,'La Ortega',48),
(75,'Las Lagunas',48),
(76,'Monte de la Jagua',48),
(77,'San Víctor',48),
(78,'Joba Arriba',50),
(79,'Veragua',50),
(80,'Villa Magante',50),
(81,'Guayabo Dulce',52),
(82,'Mata Palacio',52),
(83,'Yerba Buena',52),
(84,'Elupina Cordero de Las Cañitas',54),
(85,'Jamao Afuera',55),
(86,'Blanco',56),
(87,'Boca de Cachón',58),
(88,'El Limón',58),
(89,'Batey 8',59),
(90,'Vengan a Ver',60),
(91,'La Colonia',62),
(92,'Guayabal',63),
(93,'La Otra Banda',64),
(94,'Lagunas de Nisibón',64),
(95,'Verón-Punta Cana',64),
(96,'Bayahibe',65),
(97,'Boca de Yuma',65),
(98,'Caleta',66),
(99,'Cumayasa',68),
(100,'El Ranchito',69),
(101,'Río Verde Arriba',69),
(102,'La Sabina',70),
(103,'Tireo',70),
(104,'Buena Vista',70),
(105,'Manabao',71),
(106,'Rincón',72),
(107,'Arroyo al Medio',73),
(108,'Las Gordas',73),
(109,'San José de Matanzas',73),
(110,'Arroyo Salado',74),
(111,'La Entrada',74),
(112,'El Pozo',75),
(113,'Arroyo Toro-Masipedro',77),
(114,'La Salvia-Los Quemados',77),
(115,'Jayaco',77),
(116,'Juma Bejucal',77),
(117,'Sabana del Puerto',77),
(118,'Juan Adrián',79),
(119,'Villa Sonador',79),
(120,'Palo Verde',81),
(121,'Cana Chapetón',82),
(122,'Hatillo Palma',82),
(123,'Villa Elisa',82),
(124,'Boyá',86),
(125,'Chirino',86),
(126,'Don Juan',86),
(127,'Gonzalo',89),
(128,'Majagual',89),
(129,'Los Botados',90),
(130,'José Francisco Peña Gómez',91),
(131,'Juancho',91),
(132,'Catalina',93),
(133,'El Carretón',93),
(134,'El Limonal',93),
(135,'Las Barías',93),
(136,'Matanzas',93),
(137,'Paya',93),
(138,'Sabana Buey',93),
(139,'Villa Fundación',93),
(140,'Villa Sombrero',93),
(141,'Pizarrete',94),
(142,'Santana',94),
(143,'Maimón',86),
(144,'Yásica Arriba',86),
(145,'Río Grande',96),
(146,'Navas',99),
(147,'Belloso',100),
(148,'Estrecho',100),
(149,'La Isabela',100),
(150,'Cabarete',101),
(151,'Sabaneta de Yásica',101),
(152,'Estero Hondo',102),
(153,'Gualete',102),
(154,'La Jaiba',102),
(155,'Arroyo Barril',104),
(156,'El Limón',104),
(157,'Las Galeras',104),
(158,'Hato Damas',107),
(159,'El Carril',108),
(160,'Cambita El Pueblecito',109),
(161,'La Cuchilla',113),
(162,'Medina',113),
(163,'San José del Puerto',113),
(164,'El Naranjal',115),
(165,'El Pinar',115),
(166,'La Ciénaga',115),
(167,'Nizao-Las Auyamas',115),
(168,'El Rosario',118),
(169,'Guanito',118),
(170,'Hato del Padre',118),
(171,'Hato Nuevo',118),
(172,'La Jagua',118),
(173,'Las Charcas de María Nova',118),
(174,'Pedro Corto',118),
(175,'Sabana Alta',118),
(176,'Sabaneta',118),
(177,'Arroyo Cano',119),
(178,'Yaque',119),
(179,'Batista',120),
(180,'Derrumbadero',120),
(181,'Jínova',121),
(182,'Carrera de Yegua',122),
(183,'Matayaya',122),
(184,'Jorjillo',123),
(185,'El Puerto',129),
(186,'Gautier',129),
(187,'Caballero',130),
(188,'Comedero Arriba',130),
(189,'Quita Sueño',130),
(190,'La Cueva',131),
(191,'Platanal',131),
(192,'Angelina',133),
(193,'La Bija',133),
(194,'Hernando Alonzo',133),
(195,'Baitoa',134),
(196,'Hato del Yaque',134),
(197,'La Canela',134),
(198,'Pedro García',134),
(199,'San Francisco de Jacagua',134),
(200,'El Caimito',136),
(201,'Juncalito',136),
(202,'Las Palomas',137),
(203,'Canabacoa',137),
(204,'Guayabal',137),
(205,'El Rubio',140),
(206,'La Cuesta',140),
(207,'Las Placetas',140),
(208,'Canca La Piedra',141),
(209,'El Limón',142),
(210,'Palmar Arriba',142),
(211,'San Luis',146),
(212,'La Caleta',147),
(213,'Palmarejo-Villa Linda',148),
(214,'Pantoja',148),
(215,'La Cuaba',149),
(216,'La Guáyiga',149),
(217,'Hato Viejo',150),
(218,'La Victoria',151),
(219,'Ámina',153),
(220,'Guatapanal',153),
(221,'Jaibón (Pueblo Nuevo)',153),
(222,'Boca de Mao',154),
(223,'Jicomé',154),
(224,'Maizal',154),
(225,'Paradero',154),
(226,'Cruce de Guayacanes',155),
(227,'Jaibón',155),
(228,'La Caya',155),
(229,'Invivienda',146);

/*Table structure for table `usuarios` */

DROP TABLE IF EXISTS `usuarios`;

CREATE TABLE `usuarios` (
  `id` int(11) NOT NULL AUTO_INCREMENT,
  `nombres` varchar(100) DEFAULT NULL,
  `apellidos` varchar(100) DEFAULT NULL,
  `telefono` varchar(20) DEFAULT NULL,
  `email` varchar(100) DEFAULT NULL,
  `username` varchar(45) DEFAULT NULL,
  `password` varchar(100) DEFAULT NULL,
  `rol_id` int(11) DEFAULT NULL,
  `estado` tinyint(1) DEFAULT NULL,
  PRIMARY KEY (`id`),
  UNIQUE KEY `username_UNIQUE` (`username`),
  UNIQUE KEY `email_UNIQUE` (`email`),
  KEY `fk_rol_usuarios_idx` (`rol_id`)
) ENGINE=InnoDB AUTO_INCREMENT=10 DEFAULT CHARSET=utf8mb4;

/*Data for the table `usuarios` */

insert  into `usuarios`(`id`,`nombres`,`apellidos`,`telefono`,`email`,`username`,`password`,`rol_id`,`estado`) values 
(2,'jose2','perez','8090','809','admin','7110eda4d09e062aa5e4a390b0a572ac0d2c0220',1,1),
(9,'Juan ','Sanchez','(849) 473-5263','hjrehr@gmail.com','ndnova@bsc.com.do','99800b85d3383e3a2fb45eb7d0066a4879a9dad0',NULL,1);

/*Table structure for table `votante` */

DROP TABLE IF EXISTS `votante`;

CREATE TABLE `votante` (
  `id_votante` int(11) NOT NULL AUTO_INCREMENT,
  `cedula` varchar(100) NOT NULL,
  `CodColegio` int(11) DEFAULT NULL,
  PRIMARY KEY (`id_votante`)
) ENGINE=InnoDB AUTO_INCREMENT=30 DEFAULT CHARSET=utf8mb4;

/*Data for the table `votante` */

insert  into `votante`(`id_votante`,`cedula`,`CodColegio`) values 
(29,'444-4333222-2',NULL);

/*Table structure for table `votante_voto` */

DROP TABLE IF EXISTS `votante_voto`;

CREATE TABLE `votante_voto` (
  `id_voto` int(11) NOT NULL AUTO_INCREMENT,
  `id_votante` int(11) NOT NULL,
  `id_mesa` int(11) NOT NULL,
  `id_candidato` int(11) NOT NULL,
  `fecha_voto` datetime DEFAULT CURRENT_TIMESTAMP,
  PRIMARY KEY (`id_voto`)
) ENGINE=InnoDB AUTO_INCREMENT=2802 DEFAULT CHARSET=latin1;

/*Data for the table `votante_voto` */

insert  into `votante_voto`(`id_voto`,`id_votante`,`id_mesa`,`id_candidato`,`fecha_voto`) values 
(1,1,3,1,'2019-12-05 02:31:57'),
(2,1,1,3,'2019-12-12 09:52:22'),
(3,19,3,2,'2019-12-05 21:13:17'),
(4,19,3,3,'2019-12-05 21:13:21'),
(5,19,3,5,'2019-12-05 21:13:23'),
(6,20,3,4,'2019-12-05 21:19:58'),
(7,20,3,3,'2019-12-05 21:20:13'),
(8,20,3,5,'2019-12-05 21:20:28'),
(9,26,3,0,'2019-12-05 22:53:54'),
(10,26,3,3,'2019-12-05 22:53:59'),
(11,26,3,0,'2019-12-05 22:54:01'),
(12,26,3,5,'2019-12-05 22:54:07'),
(13,27,3,2,'2019-12-05 22:54:27'),
(14,27,3,0,'2019-12-05 22:54:30'),
(15,27,3,0,'2019-12-05 22:54:35'),
(16,27,3,0,'2019-12-05 22:54:41'),
(17,28,3,0,'2019-12-05 22:55:49'),
(18,28,3,0,'2019-12-05 22:55:53'),
(19,28,3,0,'2019-12-05 22:55:55'),
(20,29,3,0,'2019-12-05 22:57:39'),
(21,29,3,3,'2019-12-05 22:57:42'),
(22,29,3,0,'2019-12-05 22:57:45'),
(1304,8,3,3,'2019-12-05 06:19:16'),
(1305,7,4,65,'2019-12-05 18:30:30'),
(1306,5,3,26,'2019-12-05 15:10:53'),
(1307,4,4,48,'2019-12-05 14:31:42'),
(1308,7,4,59,'2019-12-05 01:55:08'),
(1309,4,4,28,'2019-12-05 09:04:32'),
(1310,6,3,45,'2019-12-05 11:55:48'),
(1311,9,4,30,'2019-12-05 04:12:41'),
(1312,6,3,9,'2019-12-05 08:09:04'),
(1313,6,4,7,'2019-12-05 01:19:36'),
(1314,4,3,39,'2019-12-05 20:32:38'),
(1315,3,3,29,'2019-12-05 21:14:11'),
(1316,5,3,15,'2019-12-05 22:19:22'),
(1317,8,3,5,'2019-12-05 17:49:03'),
(1318,7,4,59,'2019-12-05 09:23:12'),
(1319,4,4,55,'2019-12-05 01:48:45'),
(1320,3,3,35,'2019-12-05 06:24:20'),
(1321,8,4,45,'2019-12-05 18:55:10'),
(1322,5,3,25,'2019-12-05 15:06:02'),
(1323,3,3,23,'2019-12-05 10:45:56'),
(1324,9,3,22,'2019-12-05 13:13:07'),
(1325,6,3,23,'2019-12-05 11:37:39'),
(1326,2,3,51,'2019-12-05 05:13:28'),
(1327,2,4,55,'2019-12-05 22:54:18'),
(1328,5,3,59,'2019-12-05 10:47:12'),
(1329,3,4,60,'2019-12-05 13:38:28'),
(1330,9,4,12,'2019-12-05 06:48:45'),
(1331,5,4,39,'2019-12-05 10:33:27'),
(1332,10,3,6,'2019-12-05 22:33:42'),
(1333,5,4,5,'2019-12-05 03:20:22'),
(1334,9,4,14,'2019-12-05 08:31:10'),
(1335,4,3,5,'2019-12-05 08:52:26'),
(1336,10,4,8,'2019-12-05 05:49:34'),
(1337,2,3,65,'2019-12-05 08:11:51'),
(1338,4,3,41,'2019-12-05 10:48:52'),
(1339,4,4,32,'2019-12-05 23:03:25'),
(1340,7,3,2,'2019-12-05 16:19:07'),
(1341,4,4,45,'2019-12-05 05:46:45'),
(1342,8,4,3,'2019-12-05 12:03:22'),
(1343,9,3,13,'2019-12-05 11:05:02'),
(1344,7,3,51,'2019-12-05 09:52:19'),
(1345,1,3,28,'2019-12-05 03:51:27'),
(1346,3,4,6,'2019-12-05 18:15:34'),
(1347,9,4,6,'2019-12-05 07:30:25'),
(1348,2,3,42,'2019-12-05 11:27:16'),
(1349,7,4,9,'2019-12-05 15:40:30'),
(1350,4,3,27,'2019-12-05 22:32:24'),
(1351,3,3,38,'2019-12-05 04:59:03'),
(1352,4,3,12,'2019-12-05 14:41:26'),
(1353,7,4,4,'2019-12-05 04:10:30'),
(1354,5,3,60,'2019-12-05 21:02:48'),
(1355,3,3,21,'2019-12-05 09:34:28'),
(1356,4,3,38,'2019-12-05 19:31:39'),
(1357,3,4,58,'2019-12-05 15:09:47'),
(1358,3,3,45,'2019-12-05 17:47:48'),
(1359,2,3,64,'2019-12-05 20:04:52'),
(1360,1,3,54,'2019-12-05 23:43:41'),
(1361,1,4,24,'2019-12-05 08:46:14'),
(1362,10,3,51,'2019-12-05 17:43:24'),
(1363,3,3,11,'2019-12-05 07:57:50'),
(1364,3,3,61,'2019-12-05 17:49:36'),
(1365,5,4,38,'2019-12-05 10:03:26'),
(1366,6,4,54,'2019-12-05 12:04:04'),
(1367,10,3,63,'2019-12-05 22:18:23'),
(1368,1,4,8,'2019-12-05 18:38:37'),
(1369,10,4,15,'2019-12-05 17:32:24'),
(1370,3,4,24,'2019-12-05 14:29:13'),
(1371,2,4,59,'2019-12-05 11:22:01'),
(1372,7,3,61,'2019-12-05 21:34:01'),
(1373,3,4,37,'2019-12-05 17:47:41'),
(1374,4,4,1,'2019-12-05 16:45:38'),
(1375,8,3,13,'2019-12-05 12:55:12'),
(1376,8,4,58,'2019-12-05 08:12:37'),
(1377,5,4,38,'2019-12-05 11:20:57'),
(1378,2,3,31,'2019-12-05 18:21:25'),
(1379,7,3,59,'2019-12-05 22:28:36'),
(1380,10,3,47,'2019-12-05 23:47:09'),
(1381,5,4,2,'2019-12-05 10:49:34'),
(1382,9,4,61,'2019-12-05 05:36:22'),
(1383,10,4,21,'2019-12-05 19:17:40'),
(1384,6,4,29,'2019-12-05 03:37:52'),
(1385,10,3,42,'2019-12-05 03:53:23'),
(1386,2,3,61,'2019-12-05 23:41:17'),
(1387,5,3,42,'2019-12-05 08:49:03'),
(1388,3,3,52,'2019-12-05 09:39:01'),
(1389,1,4,32,'2019-12-05 19:05:45'),
(1390,1,4,22,'2019-12-05 07:11:37'),
(1391,5,3,27,'2019-12-05 22:55:48'),
(1392,6,4,21,'2019-12-05 23:03:16'),
(1393,9,3,18,'2019-12-05 23:43:43'),
(1394,6,3,8,'2019-12-05 14:42:45'),
(1395,2,4,42,'2019-12-05 07:10:30'),
(1396,6,3,39,'2019-12-05 01:02:28'),
(1397,6,4,14,'2019-12-05 00:06:02'),
(1398,1,4,7,'2019-12-05 12:26:05'),
(1399,6,4,51,'2019-12-05 21:03:23'),
(1400,1,4,38,'2019-12-05 06:23:20'),
(1401,8,4,15,'2019-12-05 08:40:16'),
(1402,3,4,36,'2019-12-05 09:27:43'),
(1403,3,4,39,'2019-12-05 13:50:50'),
(1404,2,3,25,'2019-12-05 07:10:49'),
(1405,9,3,49,'2019-12-05 04:30:39'),
(1406,4,4,4,'2019-12-05 23:22:54'),
(1407,1,4,6,'2019-12-05 04:18:41'),
(1408,5,4,6,'2019-12-05 05:16:19'),
(1409,7,3,65,'2019-12-05 05:56:16'),
(1410,1,3,41,'2019-12-05 17:48:42'),
(1411,4,4,5,'2019-12-05 22:58:36'),
(1412,1,4,25,'2019-12-05 05:13:06'),
(1413,8,4,19,'2019-12-05 20:10:25'),
(1414,2,4,54,'2019-12-05 15:28:54'),
(1415,7,3,57,'2019-12-05 16:24:23'),
(1416,4,3,53,'2019-12-05 17:03:35'),
(1417,1,4,45,'2019-12-05 19:26:45'),
(1418,10,4,22,'2019-12-05 15:26:03'),
(1419,7,3,4,'2019-12-05 04:13:57'),
(1420,3,3,44,'2019-12-05 04:26:20'),
(1421,4,3,28,'2019-12-05 00:00:57'),
(1422,2,3,47,'2019-12-05 13:14:11'),
(1423,10,4,39,'2019-12-05 12:46:20'),
(1424,3,3,55,'2019-12-05 17:17:28'),
(1425,4,3,43,'2019-12-05 12:12:27'),
(1426,7,4,3,'2019-12-05 17:08:05'),
(1427,10,3,62,'2019-12-05 19:03:11'),
(1428,10,4,16,'2019-12-05 11:07:09'),
(1429,10,3,15,'2019-12-05 02:26:35'),
(1430,6,3,9,'2019-12-05 16:08:11'),
(1431,7,3,14,'2019-12-05 07:14:14'),
(1432,3,3,64,'2019-12-05 12:38:07'),
(1433,6,4,57,'2019-12-05 22:41:02'),
(1434,1,3,18,'2019-12-05 18:41:31'),
(1435,7,4,3,'2019-12-05 17:08:34'),
(1436,1,4,51,'2019-12-05 21:40:32'),
(1437,2,4,36,'2019-12-05 10:22:03'),
(1438,5,3,60,'2019-12-05 19:23:44'),
(1439,6,4,39,'2019-12-05 21:48:59'),
(1440,10,4,17,'2019-12-05 13:18:14'),
(1441,2,3,30,'2019-12-05 02:39:54'),
(1442,2,3,55,'2019-12-05 13:20:38'),
(1443,10,4,31,'2019-12-05 14:39:51'),
(1444,6,3,61,'2019-12-05 04:19:13'),
(1445,7,4,18,'2019-12-05 00:53:28'),
(1446,6,3,47,'2019-12-05 22:07:36'),
(1447,10,4,22,'2019-12-05 08:42:04'),
(1448,7,4,60,'2019-12-05 22:09:47'),
(1449,10,3,62,'2019-12-05 18:17:24'),
(1450,9,4,6,'2019-12-05 19:41:03'),
(1451,7,3,53,'2019-12-05 10:17:22'),
(1452,6,4,12,'2019-12-05 10:05:26'),
(1453,5,3,3,'2019-12-05 01:10:36'),
(1454,1,3,18,'2019-12-05 09:21:55'),
(1455,6,3,49,'2019-12-05 11:19:33'),
(1456,8,4,9,'2019-12-05 00:25:19'),
(1457,8,3,54,'2019-12-05 21:31:20'),
(1458,5,3,24,'2019-12-05 03:36:17'),
(1459,6,4,44,'2019-12-05 23:27:50'),
(1460,4,4,54,'2019-12-05 00:42:16'),
(1461,2,3,25,'2019-12-05 11:16:50'),
(1462,2,3,54,'2019-12-05 13:39:11'),
(1463,9,3,37,'2019-12-05 07:56:55'),
(1464,1,3,56,'2019-12-05 20:45:11'),
(1465,10,4,36,'2019-12-05 08:05:34'),
(1466,3,4,10,'2019-12-05 11:58:47'),
(1467,7,3,31,'2019-12-05 13:44:54'),
(1468,7,4,33,'2019-12-05 23:58:30'),
(1469,2,4,41,'2019-12-05 10:12:05'),
(1470,3,4,30,'2019-12-05 11:49:21'),
(1471,7,4,51,'2019-12-05 16:32:17'),
(1472,10,3,39,'2019-12-05 11:06:49'),
(1473,5,4,8,'2019-12-05 22:27:06'),
(1474,8,4,46,'2019-12-05 09:00:10'),
(1475,8,3,1,'2019-12-05 16:08:50'),
(1476,3,4,15,'2019-12-05 09:44:51'),
(1477,8,4,62,'2019-12-05 11:43:48'),
(1478,3,4,6,'2019-12-05 04:39:49'),
(1479,9,3,29,'2019-12-05 20:48:01'),
(1480,5,3,27,'2019-12-05 02:48:25'),
(1481,2,4,5,'2019-12-05 00:08:03'),
(1482,4,4,53,'2019-12-05 19:56:21'),
(1483,9,3,45,'2019-12-05 16:19:29'),
(1484,2,3,64,'2019-12-05 05:42:52'),
(1485,4,3,26,'2019-12-05 17:34:37'),
(1486,10,4,19,'2019-12-05 09:46:14'),
(1487,1,3,41,'2019-12-05 03:30:29'),
(1488,10,3,26,'2019-12-05 16:21:46'),
(1489,8,4,18,'2019-12-05 16:07:45'),
(1490,6,4,62,'2019-12-05 13:05:10'),
(1491,8,3,18,'2019-12-05 01:46:46'),
(1492,10,4,47,'2019-12-05 22:26:00'),
(1493,6,3,1,'2019-12-05 22:23:55'),
(1494,7,3,57,'2019-12-05 19:22:32'),
(1495,6,3,56,'2019-12-05 02:42:53'),
(1496,6,3,56,'2019-12-05 23:02:21'),
(1497,5,3,48,'2019-12-05 22:33:58'),
(1498,2,4,53,'2019-12-05 01:18:36'),
(1499,2,3,40,'2019-12-05 13:03:18'),
(1500,1,3,31,'2019-12-05 18:09:27'),
(1501,5,4,23,'2019-12-05 06:30:16'),
(1502,6,4,55,'2019-12-05 07:39:53'),
(1503,6,4,53,'2019-12-05 03:04:59'),
(1504,2,4,36,'2019-12-05 12:32:14'),
(1505,3,3,60,'2019-12-05 22:53:43'),
(1506,9,3,21,'2019-12-05 10:43:44'),
(1507,5,3,35,'2019-12-05 17:13:50'),
(1508,10,4,46,'2019-12-05 15:58:35'),
(1509,9,4,3,'2019-12-05 18:05:48'),
(1510,2,3,49,'2019-12-05 07:29:18'),
(1511,10,4,25,'2019-12-05 21:07:30'),
(1512,6,3,7,'2019-12-05 19:13:50'),
(1513,6,3,17,'2019-12-05 06:39:38'),
(1514,2,3,24,'2019-12-05 09:52:47'),
(1515,4,4,33,'2019-12-05 04:07:03'),
(1516,7,3,52,'2019-12-05 16:36:31'),
(1517,8,3,63,'2019-12-05 23:29:08'),
(1518,3,3,62,'2019-12-05 21:04:24'),
(1519,6,3,43,'2019-12-05 12:24:04'),
(1520,7,3,39,'2019-12-05 20:28:05'),
(1521,9,4,9,'2019-12-05 12:51:09'),
(1522,4,4,26,'2019-12-05 17:01:10'),
(1523,8,4,36,'2019-12-05 01:43:58'),
(1524,5,3,12,'2019-12-05 12:25:47'),
(1525,4,4,51,'2019-12-05 06:39:27'),
(1526,7,4,1,'2019-12-05 11:08:28'),
(1527,2,4,62,'2019-12-05 11:53:38'),
(1528,9,3,58,'2019-12-05 11:12:57'),
(1529,2,3,63,'2019-12-05 07:08:06'),
(1530,2,4,41,'2019-12-05 03:31:34'),
(1531,9,4,65,'2019-12-05 18:39:09'),
(1532,9,3,42,'2019-12-05 14:09:48'),
(1533,9,4,8,'2019-12-05 19:52:43'),
(1534,9,3,63,'2019-12-05 05:55:12'),
(1535,4,3,27,'2019-12-05 10:46:58'),
(1536,8,3,43,'2019-12-05 13:41:07'),
(1537,1,4,1,'2019-12-05 13:04:10'),
(1538,7,4,19,'2019-12-05 07:07:43'),
(1539,2,4,38,'2019-12-05 22:11:22'),
(1540,1,3,12,'2019-12-05 06:46:42'),
(1541,9,3,21,'2019-12-05 09:15:03'),
(1542,1,4,5,'2019-12-05 18:15:53'),
(1543,1,4,40,'2019-12-05 23:23:54'),
(1544,6,3,56,'2019-12-05 04:24:35'),
(1545,8,3,32,'2019-12-05 09:51:55'),
(1546,9,3,19,'2019-12-05 00:12:44'),
(1547,3,3,34,'2019-12-05 12:39:38'),
(1548,7,3,13,'2019-12-05 13:30:06'),
(1549,4,3,55,'2019-12-05 01:58:10'),
(1550,9,3,53,'2019-12-05 04:55:49'),
(1551,9,4,37,'2019-12-05 17:04:39'),
(1552,3,3,27,'2019-12-05 08:12:55'),
(1553,4,4,54,'2019-12-05 03:56:23'),
(1554,3,3,40,'2019-12-05 04:08:35'),
(1555,5,4,25,'2019-12-05 15:22:27'),
(1556,1,4,23,'2019-12-05 06:43:04'),
(1557,7,4,1,'2019-12-05 08:18:15'),
(1558,9,4,10,'2019-12-05 16:28:25'),
(1559,10,4,33,'2019-12-05 19:17:36'),
(1560,8,3,51,'2019-12-05 08:08:54'),
(1561,7,4,59,'2019-12-05 17:31:20'),
(1562,9,3,38,'2019-12-05 11:57:15'),
(1563,6,3,20,'2019-12-05 19:17:45'),
(1564,7,3,37,'2019-12-05 07:04:06'),
(1565,9,3,53,'2019-12-05 15:52:48'),
(1566,1,3,57,'2019-12-05 13:37:02'),
(1567,8,3,48,'2019-12-05 01:48:16'),
(1568,8,4,29,'2019-12-05 21:27:19'),
(1569,10,3,49,'2019-12-05 09:51:31'),
(1570,5,4,20,'2019-12-05 04:05:11'),
(1571,6,4,31,'2019-12-05 17:00:51'),
(1572,5,4,30,'2019-12-05 02:19:20'),
(1573,4,4,14,'2019-12-05 04:46:26'),
(1574,9,4,4,'2019-12-05 12:20:24'),
(1575,8,3,35,'2019-12-05 13:00:45'),
(1576,5,3,44,'2019-12-05 13:46:47'),
(1577,7,3,24,'2019-12-05 05:30:31'),
(1578,9,3,54,'2019-12-05 02:34:12'),
(1579,3,4,15,'2019-12-05 16:46:17'),
(1580,8,3,14,'2019-12-05 11:45:37'),
(1581,6,4,10,'2019-12-05 09:27:36'),
(1582,4,3,23,'2019-12-05 10:29:30'),
(1583,8,3,10,'2019-12-05 10:31:17'),
(1584,9,3,21,'2019-12-05 16:08:26'),
(1585,2,4,6,'2019-12-05 21:21:58'),
(1586,2,3,43,'2019-12-05 21:25:27'),
(1587,1,3,60,'2019-12-05 04:51:48'),
(1588,1,4,22,'2019-12-05 08:47:47'),
(1589,1,4,25,'2019-12-05 22:20:53'),
(1590,6,3,24,'2019-12-05 10:51:43'),
(1591,9,3,5,'2019-12-05 04:29:20'),
(1592,5,4,64,'2019-12-05 16:04:01'),
(1593,7,3,37,'2019-12-05 22:45:27'),
(1594,5,4,20,'2019-12-05 17:20:56'),
(1595,10,3,1,'2019-12-05 09:31:05'),
(1596,6,4,7,'2019-12-05 15:43:44'),
(1597,9,3,21,'2019-12-05 23:01:41'),
(1598,2,3,39,'2019-12-05 09:26:50'),
(1599,3,4,6,'2019-12-05 22:53:40'),
(1600,5,4,22,'2019-12-05 08:22:24'),
(1601,5,4,50,'2019-12-05 23:52:50'),
(1602,1,4,30,'2019-12-05 10:48:06'),
(1603,10,4,14,'2019-12-05 06:20:46'),
(1604,2,3,52,'2019-12-05 16:40:36'),
(1605,2,4,43,'2019-12-05 00:56:47'),
(1606,9,4,45,'2019-12-05 01:51:35'),
(1607,6,4,38,'2019-12-05 11:43:51'),
(1608,10,3,5,'2019-12-05 12:22:45'),
(1609,3,3,13,'2019-12-05 06:31:19'),
(1610,3,4,30,'2019-12-05 23:30:32'),
(1611,1,4,43,'2019-12-05 18:06:58'),
(1612,9,3,1,'2019-12-05 04:38:45'),
(1613,3,4,48,'2019-12-05 06:05:09'),
(1614,9,4,52,'2019-12-05 18:16:21'),
(1615,4,4,31,'2019-12-05 08:59:21'),
(1616,2,3,12,'2019-12-05 11:40:27'),
(1617,9,3,40,'2019-12-05 06:55:29'),
(1618,8,4,39,'2019-12-05 04:49:33'),
(1619,4,3,27,'2019-12-05 01:59:58'),
(1620,7,3,31,'2019-12-05 17:45:07'),
(1621,5,4,62,'2019-12-05 09:44:03'),
(1622,6,4,6,'2019-12-05 16:51:30'),
(1623,5,4,32,'2019-12-05 17:26:55'),
(1624,8,3,59,'2019-12-05 14:38:03'),
(1625,1,4,22,'2019-12-05 17:10:36'),
(1626,1,3,22,'2019-12-05 21:19:51'),
(1627,5,4,41,'2019-12-05 05:23:44'),
(1628,5,3,56,'2019-12-05 22:05:16'),
(1629,10,3,60,'2019-12-05 14:04:14'),
(1630,10,3,57,'2019-12-05 19:14:24'),
(1631,10,3,55,'2019-12-05 13:47:46'),
(1632,4,4,8,'2019-12-05 20:14:01'),
(1633,2,3,24,'2019-12-05 16:58:27'),
(1634,10,4,39,'2019-12-05 10:26:38'),
(1635,10,4,46,'2019-12-05 02:47:04'),
(1636,6,4,11,'2019-12-05 23:07:54'),
(1637,8,4,45,'2019-12-05 14:17:28'),
(1638,10,3,2,'2019-12-05 16:54:04'),
(1639,2,3,16,'2019-12-05 18:03:29'),
(1640,1,3,11,'2019-12-05 15:27:18'),
(1641,8,3,40,'2019-12-05 11:06:08'),
(1642,7,3,29,'2019-12-05 22:02:56'),
(1643,7,3,56,'2019-12-05 03:13:40'),
(1644,10,4,29,'2019-12-05 12:54:26'),
(1645,9,3,20,'2019-12-05 08:02:24'),
(1646,8,3,27,'2019-12-05 02:12:24'),
(1647,3,3,49,'2019-12-05 11:44:27'),
(1648,7,3,59,'2019-12-05 17:48:04'),
(1649,5,4,54,'2019-12-05 05:32:41'),
(1650,6,3,46,'2019-12-05 07:59:49'),
(1651,10,3,26,'2019-12-05 17:42:22'),
(1652,8,3,48,'2019-12-05 23:57:49'),
(1653,1,3,36,'2019-12-05 21:42:08'),
(1654,10,4,46,'2019-12-05 06:54:57'),
(1655,8,4,9,'2019-12-05 02:18:50'),
(1656,2,4,45,'2019-12-05 18:39:35'),
(1657,9,3,34,'2019-12-05 15:15:32'),
(1658,8,3,58,'2019-12-05 21:07:46'),
(1659,5,4,52,'2019-12-05 11:18:00'),
(1660,6,3,27,'2019-12-05 13:51:21'),
(1661,1,3,32,'2019-12-05 07:08:23'),
(1662,10,3,48,'2019-12-05 11:42:25'),
(1663,3,4,63,'2019-12-05 07:54:34'),
(1664,9,3,19,'2019-12-05 08:44:15'),
(1665,9,3,60,'2019-12-05 22:16:14'),
(1666,4,3,53,'2019-12-05 22:06:11'),
(1667,4,3,61,'2019-12-05 14:19:11'),
(1668,5,4,47,'2019-12-05 10:59:06'),
(1669,6,3,8,'2019-12-05 00:04:49'),
(1670,6,4,6,'2019-12-05 03:52:01'),
(1671,2,4,58,'2019-12-05 15:28:28'),
(1672,5,4,40,'2019-12-05 00:37:14'),
(1673,6,3,44,'2019-12-05 14:32:59'),
(1674,9,3,13,'2019-12-05 20:04:48'),
(1675,10,3,26,'2019-12-05 11:22:23'),
(1676,4,3,56,'2019-12-05 12:22:18'),
(1677,4,4,62,'2019-12-05 23:48:57'),
(1678,9,4,29,'2019-12-05 18:43:56'),
(1679,6,3,25,'2019-12-05 18:31:49'),
(1680,7,4,57,'2019-12-05 16:51:22'),
(1681,5,4,42,'2019-12-05 08:36:13'),
(1682,8,3,15,'2019-12-05 10:22:59'),
(1683,5,3,37,'2019-12-05 01:03:42'),
(1684,7,3,60,'2019-12-05 17:10:53'),
(1685,9,4,12,'2019-12-05 23:29:35'),
(1686,1,3,28,'2019-12-05 08:42:04'),
(1687,9,4,34,'2019-12-05 11:54:57'),
(1688,2,3,57,'2019-12-05 02:26:03'),
(1689,2,3,39,'2019-12-05 09:44:47'),
(1690,3,3,8,'2019-12-05 11:17:40'),
(1691,6,3,7,'2019-12-05 13:57:46'),
(1692,9,3,16,'2019-12-05 17:24:28'),
(1693,10,3,51,'2019-12-05 13:37:12'),
(1694,5,4,15,'2019-12-05 11:14:28'),
(1695,7,3,50,'2019-12-05 23:58:15'),
(1696,10,4,22,'2019-12-05 01:01:44'),
(1697,10,3,33,'2019-12-05 02:44:30'),
(1698,7,3,42,'2019-12-05 07:31:27'),
(1699,6,3,46,'2019-12-05 00:44:54'),
(1700,6,3,9,'2019-12-05 04:48:54'),
(1701,4,3,57,'2019-12-05 21:04:35'),
(1702,7,3,45,'2019-12-05 09:36:49'),
(1703,2,4,50,'2019-12-05 00:58:57'),
(1704,1,4,30,'2019-12-05 00:58:00'),
(1705,10,4,52,'2019-12-05 20:07:14'),
(1706,5,3,18,'2019-12-05 15:12:46'),
(1707,2,4,46,'2019-12-05 18:03:50'),
(1708,4,4,10,'2019-12-05 23:17:22'),
(1709,2,4,63,'2019-12-05 01:39:38'),
(1710,4,3,41,'2019-12-05 03:58:40'),
(1711,2,3,54,'2019-12-05 15:12:15'),
(1712,7,3,39,'2019-12-05 15:28:28'),
(1713,9,4,39,'2019-12-05 09:08:13'),
(1714,6,4,48,'2019-12-05 01:53:41'),
(1715,3,4,32,'2019-12-05 20:32:21'),
(1716,2,3,29,'2019-12-05 15:49:13'),
(1717,9,4,58,'2019-12-05 00:22:21'),
(1718,5,3,48,'2019-12-05 14:23:20'),
(1719,3,3,6,'2019-12-05 07:44:51'),
(1720,1,4,65,'2019-12-05 07:56:13'),
(1721,8,4,61,'2019-12-05 09:10:56'),
(1722,8,4,53,'2019-12-05 08:14:36'),
(1723,10,4,37,'2019-12-05 16:21:36'),
(1724,6,4,39,'2019-12-05 00:49:30'),
(1725,6,3,33,'2019-12-05 04:24:43'),
(1726,6,4,55,'2019-12-05 22:09:11'),
(1727,5,3,17,'2019-12-05 18:32:03'),
(1728,5,4,12,'2019-12-05 21:39:32'),
(1729,2,4,22,'2019-12-05 10:54:58'),
(1730,10,3,52,'2019-12-05 10:20:39'),
(1731,4,4,3,'2019-12-05 21:07:42'),
(1732,7,3,5,'2019-12-05 17:29:51'),
(1733,8,4,52,'2019-12-05 06:21:01'),
(1734,10,4,28,'2019-12-05 22:01:19'),
(1735,6,3,53,'2019-12-05 18:16:22'),
(1736,9,3,60,'2019-12-05 16:22:01'),
(1737,1,4,25,'2019-12-05 01:27:57'),
(1738,6,3,12,'2019-12-05 20:16:14'),
(1739,8,4,17,'2019-12-05 04:09:08'),
(1740,2,3,22,'2019-12-05 07:05:08'),
(1741,3,4,47,'2019-12-05 06:07:42'),
(1742,2,4,54,'2019-12-05 10:55:10'),
(1743,3,3,18,'2019-12-05 19:17:09'),
(1744,7,3,8,'2019-12-05 21:21:40'),
(1745,4,4,4,'2019-12-05 10:56:15'),
(1746,5,3,39,'2019-12-05 20:49:24'),
(1747,1,3,3,'2019-12-05 02:12:28'),
(1748,7,3,2,'2019-12-05 05:10:43'),
(1749,1,4,51,'2019-12-05 22:40:38'),
(1750,4,4,54,'2019-12-05 16:00:33'),
(1751,9,3,44,'2019-12-05 05:11:15'),
(1752,3,4,51,'2019-12-05 02:48:50'),
(1753,9,4,5,'2019-12-05 07:44:44'),
(1754,1,3,4,'2019-12-05 20:08:46'),
(1755,4,3,17,'2019-12-05 07:15:06'),
(1756,2,4,18,'2019-12-05 00:36:12'),
(1757,7,3,34,'2019-12-05 13:33:54'),
(1758,9,3,62,'2019-12-05 15:10:16'),
(1759,8,3,6,'2019-12-05 08:52:10'),
(1760,4,4,30,'2019-12-05 20:58:29'),
(1761,2,4,58,'2019-12-05 03:33:17'),
(1762,1,4,45,'2019-12-05 20:08:24'),
(1763,4,4,56,'2019-12-05 09:52:49'),
(1764,10,4,58,'2019-12-05 10:02:01'),
(1765,4,3,14,'2019-12-05 04:14:44'),
(1766,2,3,5,'2019-12-05 17:24:59'),
(1767,10,3,19,'2019-12-05 08:26:08'),
(1768,5,4,3,'2019-12-05 12:27:23'),
(1769,10,4,47,'2019-12-05 15:32:15'),
(1770,5,3,46,'2019-12-05 00:42:02'),
(1771,2,4,17,'2019-12-05 07:29:30'),
(1772,9,3,65,'2019-12-05 17:34:12'),
(1773,3,3,30,'2019-12-05 17:01:51'),
(1774,1,3,45,'2019-12-05 04:09:26'),
(1775,6,4,53,'2019-12-05 20:33:46'),
(1776,10,4,19,'2019-12-05 08:03:46'),
(1777,4,3,40,'2019-12-05 18:47:35'),
(1778,8,4,29,'2019-12-05 00:37:45'),
(1779,1,4,7,'2019-12-05 21:46:21'),
(1780,10,3,63,'2019-12-05 00:12:35'),
(1781,4,4,10,'2019-12-05 11:49:02'),
(1782,6,3,1,'2019-12-05 23:45:40'),
(1783,9,4,8,'2019-12-05 11:44:09'),
(1784,7,3,47,'2019-12-05 12:38:26'),
(1785,3,4,22,'2019-12-05 21:58:56'),
(1786,10,3,41,'2019-12-05 03:50:24'),
(1787,5,4,60,'2019-12-05 00:35:12'),
(1788,2,3,38,'2019-12-05 05:50:34'),
(1789,5,3,46,'2019-12-05 13:23:25'),
(1790,6,3,44,'2019-12-05 13:07:16'),
(1791,3,4,60,'2019-12-05 15:05:27'),
(1792,1,3,62,'2019-12-05 16:25:58'),
(1793,2,4,14,'2019-12-05 02:16:02'),
(1794,7,4,44,'2019-12-05 16:32:33'),
(1795,8,4,11,'2019-12-05 18:22:06'),
(1796,7,3,24,'2019-12-05 23:06:55'),
(1797,7,4,8,'2019-12-05 12:28:31'),
(1798,6,3,20,'2019-12-05 08:53:17'),
(1799,8,3,14,'2019-12-05 08:51:10'),
(1800,3,3,50,'2019-12-05 10:05:25'),
(1801,8,3,55,'2019-12-05 18:32:48'),
(1802,3,4,32,'2019-12-05 22:14:36'),
(1803,2,4,11,'2019-12-05 14:31:53'),
(1804,6,4,8,'2019-12-05 19:21:21'),
(1805,10,4,19,'2019-12-05 10:02:06'),
(1806,2,4,2,'2019-12-05 16:51:02'),
(1807,4,3,44,'2019-12-05 14:07:32'),
(1808,5,3,9,'2019-12-05 00:58:34'),
(1809,7,3,43,'2019-12-05 20:49:08'),
(1810,3,4,55,'2019-12-05 10:20:59'),
(1811,5,4,22,'2019-12-05 23:36:07'),
(1812,4,4,4,'2019-12-05 11:53:06'),
(1813,4,3,7,'2019-12-05 04:04:34'),
(1814,3,4,1,'2019-12-05 17:41:41'),
(1815,2,3,32,'2019-12-05 15:04:56'),
(1816,1,3,59,'2019-12-05 13:55:02'),
(1817,4,4,63,'2019-12-05 02:40:19'),
(1818,2,3,40,'2019-12-05 13:49:49'),
(1819,5,3,10,'2019-12-05 13:41:21'),
(1820,8,4,47,'2019-12-05 10:00:10'),
(1821,4,4,11,'2019-12-05 07:48:55'),
(1822,1,4,52,'2019-12-05 14:44:32'),
(1823,7,4,43,'2019-12-05 02:07:13'),
(1824,1,4,38,'2019-12-05 06:21:12'),
(1825,10,4,55,'2019-12-05 18:15:11'),
(1826,7,4,62,'2019-12-05 16:57:24'),
(1827,1,4,34,'2019-12-05 13:27:58'),
(1828,6,4,48,'2019-12-05 12:00:13'),
(1829,4,3,64,'2019-12-05 05:22:34'),
(1830,6,4,18,'2019-12-05 11:16:00'),
(1831,1,4,53,'2019-12-05 08:53:18'),
(1832,3,4,47,'2019-12-05 01:05:45'),
(1833,10,3,17,'2019-12-05 06:36:06'),
(1834,4,3,7,'2019-12-05 10:46:18'),
(1835,9,3,52,'2019-12-05 16:38:09'),
(1836,4,3,63,'2019-12-05 23:58:55'),
(1837,3,4,23,'2019-12-05 21:45:30'),
(1838,7,4,13,'2019-12-05 10:13:13'),
(1839,9,4,60,'2019-12-05 16:06:18'),
(1840,4,3,61,'2019-12-05 22:38:13'),
(1841,2,4,59,'2019-12-05 18:29:17'),
(1842,2,3,43,'2019-12-05 08:49:00'),
(1843,5,3,34,'2019-12-05 21:40:33'),
(1844,4,4,55,'2019-12-05 01:45:42'),
(1845,6,3,33,'2019-12-05 18:25:19'),
(1846,10,4,19,'2019-12-05 04:43:32'),
(1847,4,3,55,'2019-12-05 16:12:13'),
(1848,4,3,62,'2019-12-05 11:18:39'),
(1849,7,3,48,'2019-12-05 21:42:14'),
(1850,4,4,42,'2019-12-05 11:54:33'),
(1851,2,3,48,'2019-12-05 00:23:01'),
(1852,1,4,1,'2019-12-05 10:01:03'),
(1853,5,4,12,'2019-12-05 19:33:53'),
(1854,1,3,5,'2019-12-05 17:07:43'),
(1855,7,4,17,'2019-12-05 23:02:41'),
(1856,3,4,59,'2019-12-05 20:31:11'),
(1857,9,4,45,'2019-12-05 05:43:25'),
(1858,3,4,21,'2019-12-05 04:57:12'),
(1859,9,3,64,'2019-12-05 19:05:42'),
(1860,9,3,35,'2019-12-05 10:23:15'),
(1861,4,4,47,'2019-12-05 19:46:54'),
(1862,9,3,37,'2019-12-05 17:22:42'),
(1863,1,3,36,'2019-12-05 07:51:43'),
(1864,6,3,12,'2019-12-05 04:04:03'),
(1865,10,4,26,'2019-12-05 00:30:42'),
(1866,7,4,57,'2019-12-05 20:41:46'),
(1867,3,4,54,'2019-12-05 11:27:31'),
(1868,10,3,60,'2019-12-05 16:40:19'),
(1869,8,4,49,'2019-12-05 00:54:51'),
(1870,4,4,34,'2019-12-05 09:28:53'),
(1871,2,4,63,'2019-12-05 17:45:52'),
(1872,10,4,40,'2019-12-05 19:53:43'),
(1873,7,4,42,'2019-12-05 19:51:24'),
(1874,7,3,16,'2019-12-05 07:25:17'),
(1875,9,4,28,'2019-12-05 21:23:48'),
(1876,5,4,63,'2019-12-05 20:01:57'),
(1877,2,3,49,'2019-12-05 08:36:28'),
(1878,1,3,42,'2019-12-05 03:53:27'),
(1879,4,4,6,'2019-12-05 14:49:40'),
(1880,4,4,23,'2019-12-05 15:14:02'),
(1881,3,3,33,'2019-12-05 21:41:59'),
(1882,4,3,59,'2019-12-05 19:11:16'),
(1883,1,4,1,'2019-12-05 04:19:35'),
(1884,2,4,33,'2019-12-05 09:41:21'),
(1885,3,4,34,'2019-12-05 03:01:41'),
(1886,3,4,19,'2019-12-05 05:33:00'),
(1887,1,4,32,'2019-12-05 03:20:27'),
(1888,8,4,11,'2019-12-05 22:51:16'),
(1889,6,4,27,'2019-12-05 22:09:32'),
(1890,7,4,43,'2019-12-05 00:02:11'),
(1891,9,3,25,'2019-12-05 21:43:15'),
(1892,5,3,3,'2019-12-05 14:14:57'),
(1893,8,3,10,'2019-12-05 14:52:25'),
(1894,1,3,15,'2019-12-05 22:07:51'),
(1895,10,3,32,'2019-12-05 03:16:16'),
(1896,7,3,43,'2019-12-05 08:22:09'),
(1897,9,4,38,'2019-12-05 18:07:23'),
(1898,3,3,31,'2019-12-05 04:24:55'),
(1899,1,3,17,'2019-12-05 21:58:35'),
(1900,3,3,5,'2019-12-05 07:48:31'),
(1901,6,4,54,'2019-12-05 23:16:22'),
(1902,2,3,48,'2019-12-05 00:19:49'),
(1903,6,4,2,'2019-12-05 16:05:23'),
(1904,1,3,28,'2019-12-05 14:06:02'),
(1905,10,3,40,'2019-12-05 01:05:29'),
(1906,10,4,18,'2019-12-05 07:07:57'),
(1907,2,3,47,'2019-12-05 05:56:48'),
(1908,6,3,19,'2019-12-05 05:31:49'),
(1909,4,4,4,'2019-12-05 21:30:32'),
(1910,4,3,5,'2019-12-05 16:06:12'),
(1911,3,4,32,'2019-12-05 06:00:19'),
(1912,3,3,7,'2019-12-05 10:16:52'),
(1913,4,3,5,'2019-12-05 21:01:13'),
(1914,5,4,61,'2019-12-05 08:25:00'),
(1915,1,4,4,'2019-12-05 11:24:55'),
(1916,5,4,22,'2019-12-05 12:41:03'),
(1917,8,4,11,'2019-12-05 08:27:40'),
(1918,7,4,42,'2019-12-05 03:22:29'),
(1919,9,3,46,'2019-12-05 17:13:12'),
(1920,9,3,48,'2019-12-05 08:02:02'),
(1921,4,4,29,'2019-12-05 13:05:30'),
(1922,4,4,57,'2019-12-05 01:09:57'),
(1923,3,3,21,'2019-12-05 01:34:37'),
(1924,3,3,57,'2019-12-05 01:26:12'),
(1925,3,3,38,'2019-12-05 03:56:21'),
(1926,6,4,24,'2019-12-05 21:29:44'),
(1927,5,3,49,'2019-12-05 03:59:16'),
(1928,9,3,2,'2019-12-05 00:09:07'),
(1929,8,4,5,'2019-12-05 14:27:31'),
(1930,4,4,19,'2019-12-05 22:39:13'),
(1931,9,3,62,'2019-12-05 01:45:06'),
(1932,6,4,19,'2019-12-05 01:03:00'),
(1933,8,3,28,'2019-12-05 09:12:07'),
(1934,4,4,58,'2019-12-05 20:18:56'),
(1935,6,4,12,'2019-12-05 08:38:36'),
(1936,7,3,22,'2019-12-05 10:52:00'),
(1937,2,4,49,'2019-12-05 07:58:51'),
(1938,9,3,22,'2019-12-05 21:05:43'),
(1939,6,3,63,'2019-12-05 19:02:07'),
(1940,9,3,11,'2019-12-05 11:08:55'),
(1941,2,4,63,'2019-12-05 03:18:44'),
(1942,8,3,48,'2019-12-05 06:30:00'),
(1943,5,3,45,'2019-12-05 01:37:27'),
(1944,7,4,30,'2019-12-05 12:25:17'),
(1945,2,4,45,'2019-12-05 20:10:40'),
(1946,8,3,3,'2019-12-05 12:07:36'),
(1947,9,3,53,'2019-12-05 22:20:14'),
(1948,4,3,57,'2019-12-05 19:10:24'),
(1949,7,4,57,'2019-12-05 09:42:21'),
(1950,1,3,60,'2019-12-05 07:04:26'),
(1951,3,3,37,'2019-12-05 09:17:50'),
(1952,1,3,53,'2019-12-05 14:04:00'),
(1953,5,4,52,'2019-12-05 08:00:55'),
(1954,5,4,20,'2019-12-05 09:24:09'),
(1955,10,3,13,'2019-12-05 20:15:22'),
(1956,6,3,2,'2019-12-05 21:28:57'),
(1957,8,4,19,'2019-12-05 17:48:59'),
(1958,3,3,60,'2019-12-05 12:20:36'),
(1959,8,4,15,'2019-12-05 08:02:03'),
(1960,10,3,59,'2019-12-05 00:57:57'),
(1961,9,3,28,'2019-12-05 16:54:20'),
(1962,5,4,35,'2019-12-05 15:40:35'),
(1963,8,4,51,'2019-12-05 09:22:39'),
(1964,6,4,19,'2019-12-05 20:03:39'),
(1965,9,4,44,'2019-12-05 02:51:05'),
(1966,4,3,47,'2019-12-05 17:55:05'),
(1967,5,4,54,'2019-12-05 11:18:34'),
(1968,1,3,7,'2019-12-05 17:08:30'),
(1969,6,3,9,'2019-12-05 12:47:27'),
(1970,1,3,43,'2019-12-05 04:52:30'),
(1971,10,4,42,'2019-12-05 05:57:50'),
(1972,2,3,12,'2019-12-05 21:07:16'),
(1973,9,4,44,'2019-12-05 13:16:52'),
(1974,1,4,3,'2019-12-05 14:19:13'),
(1975,9,3,17,'2019-12-05 21:54:30'),
(1976,4,4,11,'2019-12-05 12:33:08'),
(1977,9,4,38,'2019-12-05 21:04:56'),
(1978,5,3,3,'2019-12-05 11:03:08'),
(1979,6,3,43,'2019-12-05 06:22:54'),
(1980,10,3,62,'2019-12-05 18:17:55'),
(1981,2,3,33,'2019-12-05 01:59:15'),
(1982,5,3,63,'2019-12-05 03:52:01'),
(1983,1,4,15,'2019-12-05 16:59:39'),
(1984,4,4,41,'2019-12-05 03:20:19'),
(1985,5,4,29,'2019-12-05 10:53:54'),
(1986,3,3,34,'2019-12-05 11:38:56'),
(1987,4,4,44,'2019-12-05 19:00:04'),
(1988,2,3,36,'2019-12-05 02:18:14'),
(1989,2,4,6,'2019-12-05 09:24:41'),
(1990,2,3,2,'2019-12-05 03:46:10'),
(1991,8,4,64,'2019-12-05 19:51:33'),
(1992,8,4,13,'2019-12-05 09:23:23'),
(1993,8,3,36,'2019-12-05 15:43:19'),
(1994,7,4,7,'2019-12-05 22:05:21'),
(1995,2,4,5,'2019-12-05 11:12:26'),
(1996,3,4,26,'2019-12-05 01:49:47'),
(1997,9,4,34,'2019-12-05 05:09:53'),
(1998,8,3,42,'2019-12-05 11:58:33'),
(1999,6,4,43,'2019-12-05 04:06:26'),
(2000,2,4,25,'2019-12-05 22:49:52'),
(2001,6,3,30,'2019-12-05 14:29:00'),
(2002,5,4,16,'2019-12-05 02:51:18'),
(2003,2,3,20,'2019-12-05 23:56:40'),
(2004,4,3,13,'2019-12-05 22:14:39'),
(2005,1,3,19,'2019-12-05 06:10:50'),
(2006,4,4,33,'2019-12-05 06:13:06'),
(2007,4,4,21,'2019-12-05 19:52:32'),
(2008,2,3,14,'2019-12-05 03:35:09'),
(2009,7,3,27,'2019-12-05 16:18:43'),
(2010,9,4,18,'2019-12-05 23:26:21'),
(2011,4,4,52,'2019-12-05 23:48:35'),
(2012,6,4,24,'2019-12-05 15:30:04'),
(2013,5,4,51,'2019-12-05 06:21:06'),
(2014,5,4,42,'2019-12-05 16:44:02'),
(2015,5,3,20,'2019-12-05 11:32:00'),
(2016,2,3,45,'2019-12-05 20:11:30'),
(2017,9,3,34,'2019-12-05 10:40:20'),
(2018,2,4,55,'2019-12-05 23:45:46'),
(2019,10,3,16,'2019-12-05 09:48:00'),
(2020,2,3,55,'2019-12-05 13:48:58'),
(2021,2,4,56,'2019-12-05 00:50:40'),
(2022,6,3,1,'2019-12-05 00:56:11'),
(2023,5,4,17,'2019-12-05 04:45:26'),
(2024,5,3,40,'2019-12-05 22:32:06'),
(2025,9,3,49,'2019-12-05 00:34:07'),
(2026,6,3,61,'2019-12-05 09:14:00'),
(2027,7,4,35,'2019-12-05 09:33:52'),
(2028,4,4,15,'2019-12-05 13:16:25'),
(2029,5,3,65,'2019-12-05 18:16:48'),
(2030,2,4,47,'2019-12-05 05:06:22'),
(2031,2,3,14,'2019-12-05 06:10:00'),
(2032,5,4,27,'2019-12-05 01:45:34'),
(2033,9,3,17,'2019-12-05 14:14:01'),
(2034,1,4,56,'2019-12-05 21:52:49'),
(2035,4,4,51,'2019-12-05 05:14:21'),
(2036,9,4,9,'2019-12-05 13:43:22'),
(2037,8,4,1,'2019-12-05 15:39:59'),
(2038,1,3,46,'2019-12-05 10:32:57'),
(2039,6,3,13,'2019-12-05 09:38:23'),
(2040,2,3,48,'2019-12-05 15:07:33'),
(2041,2,3,52,'2019-12-05 05:19:08'),
(2042,5,4,63,'2019-12-05 02:27:31'),
(2043,4,3,4,'2019-12-05 01:32:12'),
(2044,5,3,1,'2019-12-05 05:43:51'),
(2045,10,3,64,'2019-12-05 15:35:34'),
(2046,5,4,61,'2019-12-05 13:23:25'),
(2047,7,3,64,'2019-12-05 20:07:01'),
(2048,3,3,33,'2019-12-05 06:29:58'),
(2049,2,3,25,'2019-12-05 23:50:13'),
(2050,10,3,4,'2019-12-05 09:42:44'),
(2051,10,4,29,'2019-12-05 08:21:05'),
(2052,10,3,21,'2019-12-05 10:13:04'),
(2053,7,3,22,'2019-12-05 12:34:07'),
(2054,7,3,32,'2019-12-05 01:24:09'),
(2055,8,4,23,'2019-12-05 13:47:57'),
(2056,8,3,50,'2019-12-05 21:32:07'),
(2057,2,4,55,'2019-12-05 18:51:57'),
(2058,6,4,28,'2019-12-05 06:20:29'),
(2059,1,3,3,'2019-12-05 00:39:39'),
(2060,6,4,62,'2019-12-05 11:57:54'),
(2061,6,3,10,'2019-12-05 22:40:07'),
(2062,3,4,43,'2019-12-05 05:39:44'),
(2063,1,3,37,'2019-12-05 21:23:28'),
(2064,8,4,42,'2019-12-05 15:20:57'),
(2065,10,3,39,'2019-12-05 07:20:21'),
(2066,9,4,11,'2019-12-05 14:46:15'),
(2067,6,4,49,'2019-12-05 21:21:58'),
(2068,6,4,41,'2019-12-05 13:07:59'),
(2069,6,3,13,'2019-12-05 22:55:39'),
(2070,7,3,41,'2019-12-05 17:40:10'),
(2071,1,4,6,'2019-12-05 01:56:14'),
(2072,8,4,42,'2019-12-05 00:41:24'),
(2073,6,4,5,'2019-12-05 19:59:52'),
(2074,4,3,57,'2019-12-05 14:46:50'),
(2075,7,4,32,'2019-12-05 00:34:22'),
(2076,5,4,8,'2019-12-05 04:21:13'),
(2077,3,3,50,'2019-12-05 05:29:24'),
(2078,10,3,10,'2019-12-05 10:50:55'),
(2079,7,4,4,'2019-12-05 22:13:07'),
(2080,3,3,43,'2019-12-05 07:30:15'),
(2081,9,3,33,'2019-12-05 18:00:09'),
(2082,9,4,62,'2019-12-05 05:22:50'),
(2083,3,3,21,'2019-12-05 23:36:02'),
(2084,7,3,9,'2019-12-05 11:50:10'),
(2085,6,4,11,'2019-12-05 03:34:21'),
(2086,1,3,4,'2019-12-05 05:46:30'),
(2087,4,4,58,'2019-12-05 05:53:17'),
(2088,6,4,9,'2019-12-05 06:58:17'),
(2089,3,3,50,'2019-12-05 08:37:21'),
(2090,3,3,9,'2019-12-05 19:16:15'),
(2091,1,4,46,'2019-12-05 06:06:50'),
(2092,5,3,24,'2019-12-05 03:56:43'),
(2093,9,4,31,'2019-12-05 11:20:53'),
(2094,1,3,3,'2019-12-05 19:56:21'),
(2095,3,3,52,'2019-12-05 04:01:44'),
(2096,5,4,36,'2019-12-05 08:43:40'),
(2097,10,4,46,'2019-12-05 04:16:30'),
(2098,10,3,34,'2019-12-05 08:45:55'),
(2099,7,3,43,'2019-12-05 02:27:56'),
(2100,6,4,59,'2019-12-05 10:32:48'),
(2101,7,3,32,'2019-12-05 07:31:28'),
(2102,7,4,44,'2019-12-05 12:01:09'),
(2103,4,3,51,'2019-12-05 10:23:42'),
(2104,4,3,17,'2019-12-05 23:43:25'),
(2105,6,3,11,'2019-12-05 22:54:00'),
(2106,2,4,2,'2019-12-05 10:20:01'),
(2107,10,3,6,'2019-12-05 13:38:36'),
(2108,1,3,54,'2019-12-05 11:59:08'),
(2109,10,4,27,'2019-12-05 02:38:46'),
(2110,10,3,52,'2019-12-05 06:43:16'),
(2111,3,3,32,'2019-12-05 03:11:26'),
(2112,9,3,49,'2019-12-05 13:09:00'),
(2113,4,3,16,'2019-12-05 08:21:50'),
(2114,8,4,47,'2019-12-05 01:53:06'),
(2115,10,4,16,'2019-12-05 16:53:59'),
(2116,4,3,46,'2019-12-05 18:34:51'),
(2117,2,4,22,'2019-12-05 07:38:30'),
(2118,4,3,28,'2019-12-05 03:31:25'),
(2119,2,4,40,'2019-12-05 05:35:03'),
(2120,1,3,18,'2019-12-05 02:50:54'),
(2121,8,4,58,'2019-12-05 06:41:52'),
(2122,4,3,27,'2019-12-05 10:45:04'),
(2123,8,3,32,'2019-12-05 14:10:46'),
(2124,7,4,15,'2019-12-05 08:31:06'),
(2125,1,3,33,'2019-12-05 20:41:39'),
(2126,8,3,28,'2019-12-05 06:54:06'),
(2127,1,4,63,'2019-12-05 02:54:45'),
(2128,8,3,35,'2019-12-05 23:27:29'),
(2129,5,4,17,'2019-12-05 07:07:58'),
(2130,3,3,17,'2019-12-05 08:41:15'),
(2131,3,4,9,'2019-12-05 22:22:27'),
(2132,3,3,6,'2019-12-05 09:07:44'),
(2133,8,4,60,'2019-12-05 16:09:23'),
(2134,1,4,12,'2019-12-05 13:09:56'),
(2135,9,4,37,'2019-12-05 13:52:01'),
(2136,6,3,34,'2019-12-05 14:35:54'),
(2137,10,3,23,'2019-12-05 05:12:38'),
(2138,9,4,12,'2019-12-05 15:59:14'),
(2139,8,3,29,'2019-12-05 03:03:57'),
(2140,7,3,32,'2019-12-05 00:36:52'),
(2141,9,4,20,'2019-12-05 05:48:14'),
(2142,5,3,21,'2019-12-05 02:21:15'),
(2143,6,4,38,'2019-12-05 06:41:45'),
(2144,3,3,44,'2019-12-05 04:40:37'),
(2145,3,3,29,'2019-12-05 11:27:26'),
(2146,10,3,45,'2019-12-05 20:48:50'),
(2147,1,4,52,'2019-12-05 08:56:16'),
(2148,8,3,45,'2019-12-05 19:22:24'),
(2149,5,4,25,'2019-12-05 23:41:09'),
(2150,2,4,5,'2019-12-05 10:41:55'),
(2151,9,4,52,'2019-12-05 19:52:31'),
(2152,10,3,34,'2019-12-05 05:45:19'),
(2153,2,3,30,'2019-12-05 11:55:03'),
(2154,8,3,18,'2019-12-05 03:19:58'),
(2155,10,3,51,'2019-12-05 07:49:54'),
(2156,9,3,32,'2019-12-05 00:56:57'),
(2157,9,3,12,'2019-12-05 14:55:26'),
(2158,3,4,46,'2019-12-05 05:09:48'),
(2159,7,4,5,'2019-12-05 21:17:44'),
(2160,10,4,33,'2019-12-05 00:45:00'),
(2161,9,4,60,'2019-12-05 14:32:02'),
(2162,4,4,11,'2019-12-05 02:02:50'),
(2163,8,4,63,'2019-12-05 19:46:28'),
(2164,6,4,38,'2019-12-05 12:59:52'),
(2165,3,4,58,'2019-12-05 14:44:46'),
(2166,6,4,30,'2019-12-05 23:23:58'),
(2167,3,3,20,'2019-12-05 18:48:14'),
(2168,2,3,42,'2019-12-05 03:25:16'),
(2169,3,3,54,'2019-12-05 00:24:48'),
(2170,2,4,44,'2019-12-05 02:52:33'),
(2171,6,4,35,'2019-12-05 06:25:41'),
(2172,3,3,30,'2019-12-05 18:21:47'),
(2173,7,3,12,'2019-12-05 11:04:14'),
(2174,4,3,59,'2019-12-05 08:31:46'),
(2175,4,3,34,'2019-12-05 05:33:20'),
(2176,7,3,59,'2019-12-05 10:04:20'),
(2177,9,4,51,'2019-12-05 23:17:43'),
(2178,9,3,17,'2019-12-05 06:31:59'),
(2179,7,4,7,'2019-12-05 16:49:00'),
(2180,1,4,35,'2019-12-05 21:54:48'),
(2181,6,4,9,'2019-12-05 17:59:16'),
(2182,10,4,27,'2019-12-05 12:45:03'),
(2183,10,4,51,'2019-12-05 19:45:26'),
(2184,6,4,48,'2019-12-05 18:32:31'),
(2185,8,3,63,'2019-12-05 08:35:38'),
(2186,1,3,24,'2019-12-05 23:16:04'),
(2187,10,3,20,'2019-12-05 04:29:20'),
(2188,7,4,59,'2019-12-05 20:51:40'),
(2189,4,4,5,'2019-12-05 20:57:04'),
(2190,10,3,27,'2019-12-05 16:03:26'),
(2191,4,4,4,'2019-12-05 09:05:56'),
(2192,5,4,64,'2019-12-05 13:01:19'),
(2193,3,3,57,'2019-12-05 17:38:10'),
(2194,1,4,13,'2019-12-05 00:28:28'),
(2195,10,4,62,'2019-12-05 12:13:12'),
(2196,5,3,2,'2019-12-05 19:40:12'),
(2197,8,4,25,'2019-12-05 05:07:41'),
(2198,1,4,4,'2019-12-05 21:12:19'),
(2199,4,4,24,'2019-12-05 10:48:04'),
(2200,4,4,54,'2019-12-05 00:00:16'),
(2201,1,3,50,'2019-12-05 21:13:45'),
(2202,5,4,46,'2019-12-05 10:10:57'),
(2203,4,4,37,'2019-12-05 17:41:26'),
(2204,9,4,65,'2019-12-05 15:05:02'),
(2205,5,3,29,'2019-12-05 04:17:41'),
(2206,7,3,21,'2019-12-05 14:17:28'),
(2207,3,3,33,'2019-12-05 03:01:25'),
(2208,3,4,65,'2019-12-05 05:27:14'),
(2209,1,3,36,'2019-12-05 22:48:26'),
(2210,4,4,42,'2019-12-05 02:03:01'),
(2211,5,3,32,'2019-12-05 05:23:27'),
(2212,7,4,8,'2019-12-05 17:34:07'),
(2213,2,3,26,'2019-12-05 05:45:35'),
(2214,1,4,28,'2019-12-05 00:34:08'),
(2215,4,3,16,'2019-12-05 20:52:15'),
(2216,1,4,36,'2019-12-05 19:04:43'),
(2217,1,3,37,'2019-12-05 10:44:49'),
(2218,6,3,33,'2019-12-05 21:32:56'),
(2219,6,4,57,'2019-12-05 23:48:05'),
(2220,3,4,21,'2019-12-05 21:34:11'),
(2221,2,3,55,'2019-12-05 07:45:15'),
(2222,4,4,28,'2019-12-05 01:40:19'),
(2223,10,3,11,'2019-12-05 17:44:56'),
(2224,5,3,36,'2019-12-05 19:15:19'),
(2225,7,3,54,'2019-12-05 04:54:02'),
(2226,1,4,18,'2019-12-05 17:20:24'),
(2227,2,3,13,'2019-12-05 01:45:44'),
(2228,9,3,10,'2019-12-05 13:54:15'),
(2229,10,3,2,'2019-12-05 14:17:24'),
(2230,1,4,44,'2019-12-05 06:39:23'),
(2231,5,4,55,'2019-12-05 23:54:11'),
(2232,7,4,18,'2019-12-05 16:53:20'),
(2233,5,4,52,'2019-12-05 01:39:24'),
(2234,4,3,14,'2019-12-05 20:50:41'),
(2235,4,3,63,'2019-12-05 23:13:05'),
(2236,6,4,59,'2019-12-05 09:14:05'),
(2237,1,3,14,'2019-12-05 06:00:35'),
(2238,8,4,41,'2019-12-05 19:50:02'),
(2239,6,4,47,'2019-12-05 02:09:56'),
(2240,10,3,14,'2019-12-05 13:56:22'),
(2241,4,4,2,'2019-12-05 05:06:47'),
(2242,6,3,6,'2019-12-05 16:01:14'),
(2243,8,4,64,'2019-12-05 09:52:13'),
(2244,7,3,56,'2019-12-05 23:03:58'),
(2245,1,3,37,'2019-12-05 16:00:01'),
(2246,1,3,22,'2019-12-05 23:39:47'),
(2247,2,3,49,'2019-12-05 08:06:29'),
(2248,1,3,5,'2019-12-05 04:59:06'),
(2249,10,4,37,'2019-12-05 14:47:53'),
(2250,8,4,61,'2019-12-05 00:11:32'),
(2251,7,3,38,'2019-12-05 08:01:37'),
(2252,4,3,46,'2019-12-05 12:24:05'),
(2253,4,3,46,'2019-12-05 05:50:50'),
(2254,8,4,23,'2019-12-05 07:35:30'),
(2255,4,4,38,'2019-12-05 19:17:34'),
(2256,1,4,29,'2019-12-05 03:02:17'),
(2257,5,3,2,'2019-12-05 23:25:22'),
(2258,3,3,56,'2019-12-05 05:34:34'),
(2259,5,4,65,'2019-12-05 23:26:19'),
(2260,4,3,2,'2019-12-05 23:40:54'),
(2261,8,4,49,'2019-12-05 23:22:24'),
(2262,5,4,28,'2019-12-05 09:02:54'),
(2263,1,4,33,'2019-12-05 08:08:02'),
(2264,10,4,59,'2019-12-05 07:02:50'),
(2265,7,4,55,'2019-12-05 22:24:38'),
(2266,1,3,47,'2019-12-05 10:31:40'),
(2267,1,3,10,'2019-12-05 05:10:45'),
(2268,3,3,49,'2019-12-05 17:32:41'),
(2269,2,3,28,'2019-12-05 13:49:56'),
(2270,4,4,34,'2019-12-05 19:58:30'),
(2271,2,3,46,'2019-12-05 22:37:15'),
(2272,1,3,25,'2019-12-05 15:20:03'),
(2273,10,3,30,'2019-12-05 07:52:34'),
(2274,3,3,35,'2019-12-05 11:26:07'),
(2275,3,3,33,'2019-12-05 12:41:26'),
(2276,5,3,52,'2019-12-05 20:03:34'),
(2277,1,3,44,'2019-12-05 18:20:06'),
(2278,7,3,56,'2019-12-05 12:38:00'),
(2279,8,4,8,'2019-12-05 21:06:13'),
(2280,2,3,19,'2019-12-05 21:34:27'),
(2281,6,3,60,'2019-12-05 21:47:32'),
(2282,6,3,28,'2019-12-05 00:28:20'),
(2283,7,3,31,'2019-12-05 04:02:29'),
(2284,1,3,29,'2019-12-05 11:29:44'),
(2285,6,3,45,'2019-12-05 08:02:37'),
(2286,1,4,24,'2019-12-05 11:12:03'),
(2287,9,4,55,'2019-12-05 12:05:07'),
(2288,3,3,32,'2019-12-05 09:38:40'),
(2289,1,4,59,'2019-12-05 00:18:24'),
(2290,8,3,6,'2019-12-05 20:51:47'),
(2291,5,4,2,'2019-12-05 13:46:01'),
(2292,4,3,9,'2019-12-05 11:42:24'),
(2293,7,4,18,'2019-12-05 01:32:19'),
(2294,7,4,27,'2019-12-05 13:22:20'),
(2295,7,4,60,'2019-12-05 11:50:31'),
(2296,7,4,30,'2019-12-05 17:50:24'),
(2297,2,3,23,'2019-12-05 07:06:08'),
(2298,5,3,15,'2019-12-05 12:43:22'),
(2299,8,4,50,'2019-12-05 22:28:51'),
(2300,5,3,65,'2019-12-05 23:40:07'),
(2301,2,4,4,'2019-12-05 08:12:40'),
(2302,5,3,43,'2019-12-05 08:02:49'),
(2303,4,4,57,'2019-12-05 21:28:37'),
(2304,5,4,44,'2019-12-05 07:35:55'),
(2305,9,3,52,'2019-12-05 03:37:33'),
(2306,9,4,62,'2019-12-05 23:41:29'),
(2307,8,4,41,'2019-12-05 22:40:46'),
(2308,4,4,57,'2019-12-05 15:30:03'),
(2309,5,3,63,'2019-12-05 12:31:16'),
(2310,1,3,51,'2019-12-05 09:40:36'),
(2311,4,3,31,'2019-12-05 19:17:15'),
(2312,5,3,30,'2019-12-05 03:12:24'),
(2313,2,3,56,'2019-12-05 10:49:08'),
(2314,8,3,43,'2019-12-05 01:44:20'),
(2315,10,3,61,'2019-12-05 20:39:36'),
(2316,7,4,43,'2019-12-05 02:22:22'),
(2317,5,3,30,'2019-12-05 12:34:27'),
(2318,4,4,45,'2019-12-05 15:23:10'),
(2319,7,3,49,'2019-12-05 17:24:03'),
(2320,9,3,31,'2019-12-05 00:00:26'),
(2321,4,4,59,'2019-12-05 04:31:52'),
(2322,6,3,58,'2019-12-05 05:22:53'),
(2323,2,4,32,'2019-12-05 01:04:49'),
(2324,7,3,35,'2019-12-05 06:16:34'),
(2325,7,3,41,'2019-12-05 20:42:48'),
(2326,7,4,57,'2019-12-05 07:38:01'),
(2327,8,4,64,'2019-12-05 10:03:32'),
(2328,7,4,62,'2019-12-05 12:01:09'),
(2329,3,4,31,'2019-12-05 01:03:24'),
(2330,7,3,33,'2019-12-05 15:17:23'),
(2331,9,3,35,'2019-12-05 15:29:37'),
(2332,8,4,52,'2019-12-05 03:42:03'),
(2333,4,3,49,'2019-12-05 12:47:17'),
(2334,8,3,51,'2019-12-05 16:53:15'),
(2335,1,3,39,'2019-12-05 22:04:39'),
(2336,3,3,47,'2019-12-05 17:28:16'),
(2337,4,4,64,'2019-12-05 06:37:10'),
(2338,6,4,47,'2019-12-05 19:12:54'),
(2339,2,3,64,'2019-12-05 21:18:11'),
(2340,7,4,41,'2019-12-05 16:09:54'),
(2341,9,3,30,'2019-12-05 15:49:35'),
(2342,3,4,40,'2019-12-05 14:09:45'),
(2343,5,3,49,'2019-12-05 04:38:49'),
(2344,9,3,64,'2019-12-05 08:58:44'),
(2345,3,4,48,'2019-12-05 10:51:18'),
(2346,7,4,64,'2019-12-05 10:17:56'),
(2347,4,4,60,'2019-12-05 21:39:30'),
(2348,4,3,37,'2019-12-05 07:05:16'),
(2349,1,4,48,'2019-12-05 00:11:38'),
(2350,2,3,56,'2019-12-05 10:56:01'),
(2351,7,3,58,'2019-12-05 01:20:05'),
(2352,5,4,61,'2019-12-05 08:02:32'),
(2353,4,3,38,'2019-12-05 06:19:37'),
(2354,8,3,45,'2019-12-05 03:31:24'),
(2355,6,4,41,'2019-12-05 12:55:56'),
(2356,5,4,45,'2019-12-05 07:26:24'),
(2357,7,4,31,'2019-12-05 22:50:24'),
(2358,5,4,53,'2019-12-05 16:33:56'),
(2359,10,3,53,'2019-12-05 02:13:36'),
(2360,7,3,41,'2019-12-05 18:35:30'),
(2361,9,3,63,'2019-12-05 20:28:58'),
(2362,6,4,43,'2019-12-05 00:12:52'),
(2363,3,3,40,'2019-12-05 07:51:09'),
(2364,6,4,59,'2019-12-05 04:59:20'),
(2365,8,3,50,'2019-12-05 06:18:54'),
(2366,3,3,57,'2019-12-05 18:08:13'),
(2367,7,4,37,'2019-12-05 14:05:33'),
(2368,9,4,38,'2019-12-05 17:00:01'),
(2369,1,4,38,'2019-12-05 20:25:31'),
(2370,3,4,46,'2019-12-05 05:39:59'),
(2371,2,4,55,'2019-12-05 02:28:17'),
(2372,9,3,41,'2019-12-05 07:22:26'),
(2373,8,4,59,'2019-12-05 00:28:46'),
(2374,6,3,45,'2019-12-05 16:46:07'),
(2375,10,3,59,'2019-12-05 05:08:38'),
(2376,4,3,57,'2019-12-05 04:07:10'),
(2377,3,4,57,'2019-12-05 18:29:49'),
(2378,3,4,30,'2019-12-05 21:21:11'),
(2379,9,3,41,'2019-12-05 17:26:11'),
(2380,1,4,45,'2019-12-05 20:13:04'),
(2381,4,4,41,'2019-12-05 13:10:26'),
(2382,3,3,48,'2019-12-05 11:53:44'),
(2383,5,3,32,'2019-12-05 17:41:49'),
(2384,8,3,49,'2019-12-05 16:38:34'),
(2385,8,4,40,'2019-12-05 04:48:00'),
(2386,5,3,30,'2019-12-05 18:19:27'),
(2387,4,4,36,'2019-12-05 12:11:27'),
(2388,3,3,49,'2019-12-05 19:35:17'),
(2389,7,4,41,'2019-12-05 08:09:14'),
(2390,3,3,32,'2019-12-05 12:52:58'),
(2391,4,4,63,'2019-12-05 02:38:54'),
(2392,7,4,63,'2019-12-05 11:53:11'),
(2393,5,3,53,'2019-12-05 20:11:56'),
(2394,7,4,36,'2019-12-05 04:15:43'),
(2395,7,4,44,'2019-12-05 06:33:33'),
(2396,9,4,36,'2019-12-05 08:55:01'),
(2397,1,4,64,'2019-12-05 16:44:27'),
(2398,7,3,38,'2019-12-05 20:18:20'),
(2399,8,4,30,'2019-12-05 07:47:42'),
(2400,10,4,49,'2019-12-05 07:07:29'),
(2401,1,3,49,'2019-12-05 20:45:50'),
(2402,8,4,56,'2019-12-05 14:04:43'),
(2403,1,4,53,'2019-12-05 02:28:47'),
(2404,8,3,41,'2019-12-05 21:10:45'),
(2405,9,3,34,'2019-12-05 03:56:08'),
(2406,4,3,31,'2019-12-05 12:02:44'),
(2407,2,3,61,'2019-12-05 06:03:21'),
(2408,4,4,34,'2019-12-05 14:00:34'),
(2409,6,4,40,'2019-12-05 13:21:54'),
(2410,6,4,46,'2019-12-05 09:21:38'),
(2411,1,3,58,'2019-12-05 08:35:08'),
(2412,6,3,55,'2019-12-05 08:38:12'),
(2413,4,4,34,'2019-12-05 02:07:16'),
(2414,1,3,52,'2019-12-05 09:34:53'),
(2415,6,4,53,'2019-12-05 09:50:38'),
(2416,3,3,43,'2019-12-05 10:07:20'),
(2417,8,3,61,'2019-12-05 11:27:02'),
(2418,6,3,31,'2019-12-05 00:57:06'),
(2419,10,4,48,'2019-12-05 03:03:57'),
(2420,6,3,53,'2019-12-05 13:55:42'),
(2421,8,4,31,'2019-12-05 12:21:51'),
(2422,9,4,60,'2019-12-05 20:33:03'),
(2423,1,4,57,'2019-12-05 15:02:00'),
(2424,3,3,59,'2019-12-05 18:02:08'),
(2425,9,3,30,'2019-12-05 20:35:40'),
(2426,9,3,42,'2019-12-05 16:16:30'),
(2427,1,4,30,'2019-12-05 16:38:12'),
(2428,10,4,39,'2019-12-05 07:21:39'),
(2429,9,3,33,'2019-12-05 21:07:13'),
(2430,4,3,58,'2019-12-05 16:22:13'),
(2431,10,4,61,'2019-12-05 16:25:53'),
(2432,1,3,44,'2019-12-05 17:45:11'),
(2433,8,4,62,'2019-12-05 03:11:17'),
(2434,8,3,57,'2019-12-05 18:46:30'),
(2435,1,4,30,'2019-12-05 09:04:53'),
(2436,10,3,46,'2019-12-05 03:32:07'),
(2437,2,3,53,'2019-12-05 11:02:40'),
(2438,3,4,58,'2019-12-05 04:27:32'),
(2439,10,4,61,'2019-12-05 16:44:42'),
(2440,2,3,39,'2019-12-05 22:02:44'),
(2441,5,4,52,'2019-12-05 23:16:30'),
(2442,1,4,46,'2019-12-05 02:19:54'),
(2443,8,3,38,'2019-12-05 16:10:24'),
(2444,9,3,47,'2019-12-05 09:52:20'),
(2445,7,3,51,'2019-12-05 22:51:22'),
(2446,1,3,41,'2019-12-05 14:13:24'),
(2447,1,4,32,'2019-12-05 02:46:57'),
(2448,9,4,59,'2019-12-05 19:39:02'),
(2449,2,3,51,'2019-12-05 21:04:00'),
(2450,1,3,38,'2019-12-05 10:00:19'),
(2451,5,4,58,'2019-12-05 00:18:09'),
(2452,3,4,48,'2019-12-05 05:35:00'),
(2453,1,3,38,'2019-12-05 23:09:48'),
(2454,2,4,65,'2019-12-05 07:56:59'),
(2455,10,3,43,'2019-12-05 06:12:07'),
(2456,8,4,47,'2019-12-05 15:00:13'),
(2457,6,3,43,'2019-12-05 08:45:21'),
(2458,9,3,44,'2019-12-05 05:41:24'),
(2459,7,4,48,'2019-12-05 02:45:31'),
(2460,9,3,37,'2019-12-05 17:59:07'),
(2461,6,3,33,'2019-12-05 15:26:41'),
(2462,10,4,44,'2019-12-05 02:06:51'),
(2463,9,3,50,'2019-12-05 13:00:06'),
(2464,6,3,56,'2019-12-05 10:39:58'),
(2465,8,4,63,'2019-12-05 10:48:15'),
(2466,2,3,51,'2019-12-05 20:34:51'),
(2467,2,3,31,'2019-12-05 14:10:22'),
(2468,4,4,47,'2019-12-05 02:38:16'),
(2469,1,3,51,'2019-12-05 07:09:13'),
(2470,5,3,40,'2019-12-05 14:51:18'),
(2471,2,4,50,'2019-12-05 04:36:12'),
(2472,10,4,50,'2019-12-05 19:22:28'),
(2473,9,4,44,'2019-12-05 09:22:57'),
(2474,10,4,43,'2019-12-05 02:34:01'),
(2475,2,3,41,'2019-12-05 15:28:54'),
(2476,8,4,39,'2019-12-05 22:38:11'),
(2477,8,3,56,'2019-12-05 02:55:43'),
(2478,4,3,54,'2019-12-05 21:15:58'),
(2479,2,4,47,'2019-12-05 10:03:10'),
(2480,4,3,40,'2019-12-05 05:26:09'),
(2481,3,3,34,'2019-12-05 13:52:38'),
(2482,3,3,45,'2019-12-05 01:52:46'),
(2483,3,4,39,'2019-12-05 20:22:58'),
(2484,9,3,54,'2019-12-05 20:49:20'),
(2485,8,3,64,'2019-12-05 03:21:48'),
(2486,5,3,46,'2019-12-05 08:26:05'),
(2487,8,3,45,'2019-12-05 06:31:42'),
(2488,7,4,32,'2019-12-05 14:00:34'),
(2489,6,3,40,'2019-12-05 19:30:00'),
(2490,2,4,59,'2019-12-05 19:40:01'),
(2491,3,4,33,'2019-12-05 08:07:32'),
(2492,1,4,31,'2019-12-05 07:23:21'),
(2493,1,4,50,'2019-12-05 23:22:16'),
(2494,10,3,52,'2019-12-05 08:28:18'),
(2495,4,4,65,'2019-12-05 04:13:48'),
(2496,9,3,47,'2019-12-05 09:17:09'),
(2497,8,4,40,'2019-12-05 21:18:03'),
(2498,3,4,37,'2019-12-05 13:31:55'),
(2499,7,4,39,'2019-12-05 21:21:18'),
(2500,10,4,44,'2019-12-05 16:30:24'),
(2501,7,3,64,'2019-12-05 16:44:53'),
(2502,2,4,56,'2019-12-05 06:07:29'),
(2503,2,4,49,'2019-12-05 09:36:19'),
(2504,2,4,32,'2019-12-05 07:14:22'),
(2505,1,3,33,'2019-12-05 22:08:17'),
(2506,3,4,39,'2019-12-05 17:43:14'),
(2507,5,3,46,'2019-12-05 06:17:05'),
(2508,9,3,36,'2019-12-05 21:51:42'),
(2509,9,4,58,'2019-12-05 03:47:22'),
(2510,3,4,38,'2019-12-05 01:28:08'),
(2511,2,4,62,'2019-12-05 07:34:42'),
(2512,4,4,56,'2019-12-05 17:20:30'),
(2513,5,4,34,'2019-12-05 15:22:51'),
(2514,9,4,46,'2019-12-05 05:59:29'),
(2515,8,4,31,'2019-12-05 16:14:07'),
(2516,6,3,35,'2019-12-05 02:29:56'),
(2517,8,4,43,'2019-12-05 22:54:31'),
(2518,9,4,55,'2019-12-05 06:57:43'),
(2519,8,4,39,'2019-12-05 07:46:36'),
(2520,4,3,64,'2019-12-05 21:18:46'),
(2521,5,4,45,'2019-12-05 11:23:03'),
(2522,7,4,45,'2019-12-05 11:15:01'),
(2523,10,3,65,'2019-12-05 01:59:18'),
(2524,9,3,47,'2019-12-05 23:20:40'),
(2525,4,4,53,'2019-12-05 14:42:32'),
(2526,8,3,60,'2019-12-05 04:16:23'),
(2527,9,4,47,'2019-12-05 10:42:22'),
(2528,10,3,48,'2019-12-05 19:09:06'),
(2529,5,4,60,'2019-12-05 04:51:23'),
(2530,6,3,46,'2019-12-05 12:34:46'),
(2531,8,4,55,'2019-12-05 11:53:40'),
(2532,7,3,36,'2019-12-05 03:53:11'),
(2533,2,4,59,'2019-12-05 01:44:16'),
(2534,3,3,52,'2019-12-05 11:20:03'),
(2535,7,3,30,'2019-12-05 20:06:13'),
(2536,3,4,60,'2019-12-05 22:08:15'),
(2537,7,4,58,'2019-12-05 16:13:25'),
(2538,1,3,35,'2019-12-05 03:04:30'),
(2539,4,3,48,'2019-12-05 03:53:48'),
(2540,6,3,61,'2019-12-05 22:36:40'),
(2541,9,4,64,'2019-12-05 08:59:18'),
(2542,4,3,33,'2019-12-05 02:30:26'),
(2543,2,4,62,'2019-12-05 23:39:58'),
(2544,9,3,43,'2019-12-05 00:24:49'),
(2545,2,4,32,'2019-12-05 14:57:59'),
(2546,9,4,31,'2019-12-05 03:31:11'),
(2547,10,3,57,'2019-12-05 23:02:26'),
(2548,7,3,33,'2019-12-05 11:15:17'),
(2549,9,4,40,'2019-12-05 03:11:33'),
(2550,10,4,31,'2019-12-05 11:19:37'),
(2551,5,4,43,'2019-12-05 15:57:21'),
(2552,9,3,60,'2019-12-05 09:38:58'),
(2553,1,3,55,'2019-12-05 16:31:21'),
(2554,2,4,33,'2019-12-05 08:12:31'),
(2555,2,3,52,'2019-12-05 22:33:29'),
(2556,9,4,41,'2019-12-05 11:25:55'),
(2557,9,4,52,'2019-12-05 13:52:26'),
(2558,10,3,42,'2019-12-05 19:33:35'),
(2559,7,3,50,'2019-12-05 07:48:12'),
(2560,5,4,58,'2019-12-05 06:07:49'),
(2561,6,4,63,'2019-12-05 12:07:53'),
(2562,1,3,59,'2019-12-05 02:48:15'),
(2563,1,3,52,'2019-12-05 21:11:42'),
(2564,9,4,50,'2019-12-05 09:26:36'),
(2565,4,4,42,'2019-12-05 03:19:57'),
(2566,7,3,44,'2019-12-05 03:23:44'),
(2567,3,4,46,'2019-12-05 23:27:49'),
(2568,3,3,62,'2019-12-05 22:18:10'),
(2569,1,4,42,'2019-12-05 03:27:23'),
(2570,6,3,65,'2019-12-05 04:45:13'),
(2571,1,4,41,'2019-12-05 18:39:13'),
(2572,8,3,36,'2019-12-05 20:50:43'),
(2573,8,4,55,'2019-12-05 12:25:31'),
(2574,7,3,64,'2019-12-05 01:28:25'),
(2575,3,4,59,'2019-12-05 23:28:47'),
(2576,6,4,51,'2019-12-05 14:25:35'),
(2577,9,3,60,'2019-12-05 21:58:17'),
(2578,6,3,41,'2019-12-05 03:40:42'),
(2579,7,4,35,'2019-12-05 22:12:17'),
(2580,4,4,32,'2019-12-05 14:17:08'),
(2581,3,3,51,'2019-12-05 08:27:56'),
(2582,7,3,43,'2019-12-05 12:28:43'),
(2583,1,3,36,'2019-12-05 07:02:00'),
(2584,2,4,50,'2019-12-05 02:10:56'),
(2585,2,4,39,'2019-12-05 15:59:37'),
(2586,9,3,46,'2019-12-05 16:36:02'),
(2587,3,4,52,'2019-12-05 14:46:19'),
(2588,8,3,45,'2019-12-05 17:51:11'),
(2589,9,4,62,'2019-12-05 23:25:54'),
(2590,9,4,34,'2019-12-05 16:23:46'),
(2591,9,4,40,'2019-12-05 01:35:49'),
(2592,3,3,59,'2019-12-05 02:28:35'),
(2593,8,3,57,'2019-12-05 08:54:25'),
(2594,9,3,61,'2019-12-05 05:13:18'),
(2595,8,4,32,'2019-12-05 02:44:14'),
(2596,3,4,62,'2019-12-05 07:34:23'),
(2597,7,4,52,'2019-12-05 22:19:12'),
(2598,3,3,51,'2019-12-05 10:09:26'),
(2599,7,3,43,'2019-12-05 03:42:56'),
(2600,8,3,48,'2019-12-05 15:00:58'),
(2601,1,4,52,'2019-12-05 23:09:04'),
(2602,1,3,42,'2019-12-05 14:00:30'),
(2603,1,4,33,'2019-12-05 08:15:22'),
(2604,8,4,63,'2019-12-05 23:17:39'),
(2605,5,3,64,'2019-12-05 05:13:32'),
(2606,4,4,61,'2019-12-05 05:23:10'),
(2607,10,3,59,'2019-12-05 17:34:02'),
(2608,5,4,47,'2019-12-05 13:37:16'),
(2609,6,4,36,'2019-12-05 19:17:17'),
(2610,1,3,39,'2019-12-05 09:55:04'),
(2611,6,3,34,'2019-12-05 04:23:52'),
(2612,3,4,30,'2019-12-05 15:32:06'),
(2613,3,4,58,'2019-12-05 20:48:02'),
(2614,10,3,46,'2019-12-05 05:47:52'),
(2615,10,4,33,'2019-12-05 10:51:29'),
(2616,4,3,49,'2019-12-05 05:58:02'),
(2617,6,3,44,'2019-12-05 18:48:26'),
(2618,4,3,56,'2019-12-05 09:19:02'),
(2619,5,4,59,'2019-12-05 20:11:14'),
(2620,5,4,57,'2019-12-05 09:16:33'),
(2621,7,3,47,'2019-12-05 09:26:53'),
(2622,9,4,58,'2019-12-05 05:17:10'),
(2623,10,3,34,'2019-12-05 11:59:53'),
(2624,8,3,52,'2019-12-05 18:57:35'),
(2625,4,3,42,'2019-12-05 12:16:38'),
(2626,5,4,55,'2019-12-05 02:07:09'),
(2627,9,4,36,'2019-12-05 23:44:37'),
(2628,8,4,38,'2019-12-05 20:48:07'),
(2629,10,4,47,'2019-12-05 19:02:43'),
(2630,1,3,63,'2019-12-05 15:43:16'),
(2631,7,3,38,'2019-12-05 18:47:54'),
(2632,1,4,39,'2019-12-05 01:17:30'),
(2633,7,3,61,'2019-12-05 02:17:33'),
(2634,7,3,44,'2019-12-05 21:18:58'),
(2635,7,3,63,'2019-12-05 08:24:25'),
(2636,2,3,51,'2019-12-05 19:04:22'),
(2637,3,4,31,'2019-12-05 21:59:05'),
(2638,5,3,39,'2019-12-05 02:08:30'),
(2639,1,3,60,'2019-12-05 13:12:34'),
(2640,6,4,38,'2019-12-05 06:12:05'),
(2641,3,4,63,'2019-12-05 19:06:49'),
(2642,2,3,32,'2019-12-05 08:52:44'),
(2643,10,3,40,'2019-12-05 02:01:08'),
(2644,7,3,53,'2019-12-05 01:11:21'),
(2645,2,3,30,'2019-12-05 04:39:56'),
(2646,10,4,63,'2019-12-05 23:37:06'),
(2647,7,3,43,'2019-12-05 12:57:23'),
(2648,5,3,38,'2019-12-05 16:48:11'),
(2649,9,4,45,'2019-12-05 18:19:34'),
(2650,7,3,56,'2019-12-05 03:26:08'),
(2651,7,3,40,'2019-12-05 03:34:39'),
(2652,3,3,44,'2019-12-05 20:51:21'),
(2653,1,4,33,'2019-12-05 00:03:27'),
(2654,10,4,61,'2019-12-05 12:07:48'),
(2655,4,3,34,'2019-12-05 20:05:44'),
(2656,10,3,33,'2019-12-05 01:30:33'),
(2657,9,4,48,'2019-12-05 22:35:49'),
(2658,6,3,39,'2019-12-05 20:39:29'),
(2659,7,4,34,'2019-12-05 11:03:24'),
(2660,4,3,43,'2019-12-05 01:46:15'),
(2661,9,3,55,'2019-12-05 15:06:55'),
(2662,10,4,55,'2019-12-05 11:00:54'),
(2663,6,4,39,'2019-12-05 12:00:20'),
(2664,3,3,60,'2019-12-05 20:12:38'),
(2665,3,3,42,'2019-12-05 22:16:11'),
(2666,5,4,65,'2019-12-05 17:22:54'),
(2667,5,4,36,'2019-12-05 06:21:23'),
(2668,10,4,59,'2019-12-05 19:14:59'),
(2669,4,3,37,'2019-12-05 13:08:18'),
(2670,2,4,32,'2019-12-05 20:00:39'),
(2671,9,4,64,'2019-12-05 14:47:51'),
(2672,5,4,43,'2019-12-05 11:09:33'),
(2673,9,3,57,'2019-12-05 14:30:40'),
(2674,1,3,62,'2019-12-05 14:53:46'),
(2675,7,4,50,'2019-12-05 16:17:25'),
(2676,4,4,51,'2019-12-05 03:00:49'),
(2677,5,4,40,'2019-12-05 00:22:38'),
(2678,7,3,59,'2019-12-05 19:36:43'),
(2679,4,3,53,'2019-12-05 18:08:36'),
(2680,9,3,44,'2019-12-05 19:14:30'),
(2681,3,3,55,'2019-12-05 16:28:59'),
(2682,3,4,63,'2019-12-05 12:32:19'),
(2683,7,4,31,'2019-12-05 13:06:23'),
(2684,8,3,47,'2019-12-05 13:55:06'),
(2685,8,4,47,'2019-12-05 23:23:28'),
(2686,3,3,54,'2019-12-05 04:37:56'),
(2687,9,3,62,'2019-12-05 21:06:24'),
(2688,6,4,47,'2019-12-05 03:11:28'),
(2689,6,3,52,'2019-12-05 21:23:31'),
(2690,6,4,44,'2019-12-05 13:49:15'),
(2691,10,3,63,'2019-12-05 08:21:51'),
(2692,8,3,31,'2019-12-05 23:36:29'),
(2693,9,3,65,'2019-12-05 21:42:25'),
(2694,10,4,34,'2019-12-05 22:11:22'),
(2695,6,4,42,'2019-12-05 11:00:22'),
(2696,9,4,43,'2019-12-05 05:17:49'),
(2697,4,3,31,'2019-12-05 13:55:56'),
(2698,7,4,35,'2019-12-05 16:22:03'),
(2699,6,3,37,'2019-12-05 11:25:24'),
(2700,1,3,64,'2019-12-05 00:05:00'),
(2701,3,3,54,'2019-12-05 22:34:56'),
(2702,5,3,48,'2019-12-05 06:19:17'),
(2703,7,3,49,'2019-12-05 16:42:35'),
(2704,5,4,38,'2019-12-05 21:56:08'),
(2705,7,3,39,'2019-12-05 13:35:05'),
(2706,5,3,34,'2019-12-05 16:55:45'),
(2707,9,3,54,'2019-12-05 17:22:42'),
(2708,10,3,47,'2019-12-05 14:29:55'),
(2709,1,3,52,'2019-12-05 22:43:18'),
(2710,2,4,59,'2019-12-05 21:24:23'),
(2711,6,3,55,'2019-12-05 04:41:45'),
(2712,3,4,50,'2019-12-05 13:25:28'),
(2713,3,3,41,'2019-12-05 15:20:40'),
(2714,4,4,41,'2019-12-05 20:37:34'),
(2715,9,4,45,'2019-12-05 10:07:58'),
(2716,1,4,32,'2019-12-05 04:51:53'),
(2717,3,4,37,'2019-12-05 18:45:56'),
(2718,4,3,49,'2019-12-05 05:27:58'),
(2719,10,4,42,'2019-12-05 00:21:33'),
(2720,1,4,49,'2019-12-05 06:47:39'),
(2721,6,4,50,'2019-12-05 05:05:33'),
(2722,5,3,63,'2019-12-05 23:48:50'),
(2723,6,3,36,'2019-12-05 06:07:25'),
(2724,8,4,43,'2019-12-05 23:02:44'),
(2725,1,4,48,'2019-12-05 07:17:04'),
(2726,9,3,43,'2019-12-05 19:44:11'),
(2727,2,4,61,'2019-12-05 17:51:53'),
(2728,2,3,47,'2019-12-05 10:32:55'),
(2729,1,4,54,'2019-12-05 01:24:37'),
(2730,5,4,59,'2019-12-05 13:52:49'),
(2731,2,4,33,'2019-12-05 14:24:00'),
(2732,6,3,55,'2019-12-05 00:26:34'),
(2733,2,4,31,'2019-12-05 15:59:40'),
(2734,7,4,49,'2019-12-05 22:23:51'),
(2735,1,4,62,'2019-12-05 13:04:50'),
(2736,8,4,64,'2019-12-05 01:59:19'),
(2737,6,4,31,'2019-12-05 07:04:04'),
(2738,3,3,44,'2019-12-05 09:32:15'),
(2739,7,4,56,'2019-12-05 02:28:20'),
(2740,4,3,60,'2019-12-05 09:46:49'),
(2741,1,3,57,'2019-12-05 20:32:08'),
(2742,1,3,48,'2019-12-05 08:36:31'),
(2743,8,3,63,'2019-12-05 13:28:28'),
(2744,9,4,33,'2019-12-05 08:52:43'),
(2745,4,4,46,'2019-12-05 23:27:05'),
(2746,3,4,55,'2019-12-05 13:22:49'),
(2747,6,4,51,'2019-12-05 12:20:34'),
(2748,3,4,65,'2019-12-05 16:44:46'),
(2749,7,3,56,'2019-12-05 21:54:29'),
(2750,6,4,42,'2019-12-05 22:47:58'),
(2751,5,4,46,'2019-12-05 10:42:59'),
(2752,8,4,31,'2019-12-05 02:27:28'),
(2753,9,3,56,'2019-12-05 17:15:44'),
(2754,6,3,42,'2019-12-05 19:27:13'),
(2755,7,4,49,'2019-12-05 12:29:15'),
(2756,5,3,36,'2019-12-05 03:49:20'),
(2757,5,3,60,'2019-12-05 17:14:52'),
(2758,1,4,50,'2019-12-05 08:13:42'),
(2759,4,3,63,'2019-12-05 20:32:02'),
(2760,7,3,50,'2019-12-05 23:06:25'),
(2761,4,4,58,'2019-12-05 12:53:35'),
(2762,9,4,62,'2019-12-05 22:26:19'),
(2763,8,3,56,'2019-12-05 21:46:01'),
(2764,4,3,41,'2019-12-05 03:05:38'),
(2765,2,3,39,'2019-12-05 19:51:05'),
(2766,8,4,56,'2019-12-05 22:30:22'),
(2767,5,4,61,'2019-12-05 02:59:22'),
(2768,3,3,44,'2019-12-05 07:36:37'),
(2769,3,3,30,'2019-12-05 15:19:50'),
(2770,10,4,65,'2019-12-05 13:03:37'),
(2771,2,4,33,'2019-12-05 11:39:37'),
(2772,6,3,43,'2019-12-05 16:46:03'),
(2773,5,3,34,'2019-12-05 23:17:21'),
(2774,4,4,32,'2019-12-05 02:24:08'),
(2775,1,4,54,'2019-12-05 10:23:06'),
(2776,9,4,48,'2019-12-05 18:16:49'),
(2777,5,4,40,'2019-12-05 00:04:53'),
(2778,8,3,51,'2019-12-05 16:29:38'),
(2779,5,4,58,'2019-12-05 17:32:14'),
(2780,1,3,30,'2019-12-05 15:40:08'),
(2781,10,3,34,'2019-12-05 17:00:57'),
(2782,3,4,53,'2019-12-05 03:16:43'),
(2783,5,3,34,'2019-12-05 18:22:15'),
(2784,6,4,55,'2019-12-05 21:51:39'),
(2785,10,4,41,'2019-12-05 16:42:16'),
(2786,3,4,30,'2019-12-05 07:15:38'),
(2787,5,4,65,'2019-12-05 10:05:59'),
(2788,8,4,59,'2019-12-05 21:20:02'),
(2789,4,4,31,'2019-12-05 05:23:09'),
(2790,6,3,40,'2019-12-05 06:42:25'),
(2791,1,4,58,'2019-12-05 03:22:27'),
(2792,9,4,64,'2019-12-05 02:19:43'),
(2793,6,4,61,'2019-12-05 19:20:36'),
(2794,6,4,34,'2019-12-05 08:46:32'),
(2795,7,4,53,'2019-12-05 11:53:23'),
(2796,3,4,40,'2019-12-05 07:48:32'),
(2797,6,4,65,'2019-12-05 08:14:54'),
(2798,3,4,65,'2019-12-05 11:08:52'),
(2799,4,4,54,'2019-12-05 04:33:49'),
(2800,10,4,44,'2019-12-05 00:14:22'),
(2801,8,3,53,'2019-12-05 06:17:21');

/*!40101 SET SQL_MODE=@OLD_SQL_MODE */;
/*!40014 SET FOREIGN_KEY_CHECKS=@OLD_FOREIGN_KEY_CHECKS */;
/*!40014 SET UNIQUE_CHECKS=@OLD_UNIQUE_CHECKS */;
/*!40111 SET SQL_NOTES=@OLD_SQL_NOTES */;
